"ID_STAZ";"ID_PAR";"DATARIL";"VALORE"
"727";"65";"2022-07-01 00:00:00.0";"0.00"
"727";"65";"2022-07-01 01:00:00.0";"0.00"
"727";"65";"2022-07-01 02:00:00.0";"0.00"
"751";"65";"2022-07-01 00:00:00.0";"0.00"
"751";"65";"2022-07-01 01:00:00.0";"0.00"
"751";"65";"2022-07-01 02:00:00.0";"0.00"
"751";"65";"2022-07-01 03:00:00.0";"0.00"
"1383";"65";"2022-07-01 00:00:00.0";"0.00"
"1383";"65";"2022-07-01 01:00:00.0";"0.00"
"1383";"65";"2022-07-01 02:00:00.0";"0.00"
"1383";"65";"2022-07-01 03:00:00.0";"0.00"
"1383";"65";"2022-07-01 04:00:00.0";"0.00"
"738";"65";"2022-07-01 00:00:00.0";"0.00"
"738";"65";"2022-07-01 01:00:00.0";"0.00"
"738";"65";"2022-07-01 02:00:00.0";"0.00"
"699";"65";"2022-07-01 00:00:00.0";"0.00"
"699";"65";"2022-07-01 01:00:00.0";"0.00"
"753";"65";"2022-07-01 00:00:00.0";"0.00"
"753";"65";"2022-07-01 01:00:00.0";"0.00"
"753";"65";"2022-07-01 02:00:00.0";"0.00"
"753";"65";"2022-07-01 03:00:00.0";"0.00"
"756";"65";"2022-07-01 00:00:00.0";"0.00"
"756";"65";"2022-07-01 01:00:00.0";"0.00"
"756";"65";"2022-07-01 02:00:00.0";"0.00"
"756";"65";"2022-07-01 03:00:00.0";"0.00"
"686";"65";"2022-07-01 00:00:00.0";"0.00"
"777";"65";"2022-07-01 00:00:00.0";"0.00"
"777";"65";"2022-07-01 01:00:00.0";"0.00"
"777";"65";"2022-07-01 02:00:00.0";"0.00"
"777";"65";"2022-07-01 03:00:00.0";"0.00"
"777";"65";"2022-07-01 04:00:00.0";"0.00"
"690";"65";"2022-07-01 00:00:00.0";"0.00"
"773";"65";"2022-07-01 00:00:00.0";"0.00"
"773";"65";"2022-07-01 01:00:00.0";"0.00"
"773";"65";"2022-07-01 02:00:00.0";"0.00"
"773";"65";"2022-07-01 03:00:00.0";"0.00"
"773";"65";"2022-07-01 04:00:00.0";"0.00"
"773";"65";"2022-07-01 05:00:00.0";"0.00"
"769";"65";"2022-07-01 00:00:00.0";"0.00"
"769";"65";"2022-07-01 01:00:00.0";"0.00"
"769";"65";"2022-07-01 02:00:00.0";"0.00"
"769";"65";"2022-07-01 03:00:00.0";"0.00"
"769";"65";"2022-07-01 04:00:00.0";"0.00"
"749";"65";"2022-07-01 00:00:00.0";"0.00"
"749";"65";"2022-07-01 01:00:00.0";"0.00"
"749";"65";"2022-07-01 02:00:00.0";"0.00"
"749";"65";"2022-07-01 03:00:00.0";"0.00"
"715";"65";"2022-07-01 00:00:00.0";"0.00"
"715";"65";"2022-07-01 01:00:00.0";"0.00"
"715";"65";"2022-07-01 02:00:00.0";"0.00"
"1381";"65";"2022-07-01 00:00:00.0";"0.00"
"1381";"65";"2022-07-01 01:00:00.0";"0.00"
"1381";"65";"2022-07-01 02:00:00.0";"0.00"
"1381";"65";"2022-07-01 03:00:00.0";"0.00"
"1381";"65";"2022-07-01 04:00:00.0";"0.00"
"744";"65";"2022-07-01 00:00:00.0";"0.00"
"744";"65";"2022-07-01 01:00:00.0";"0.00"
"744";"65";"2022-07-01 02:00:00.0";"0.00"
"695";"65";"2022-07-01 00:00:00.0";"0.00"
"695";"65";"2022-07-01 01:00:00.0";"0.00"
"1384";"65";"2022-07-01 00:00:00.0";"0.00"
"1384";"65";"2022-07-01 01:00:00.0";"0.00"
"1384";"65";"2022-07-01 02:00:00.0";"0.00"
"1384";"65";"2022-07-01 03:00:00.0";"0.00"
"1384";"65";"2022-07-01 04:00:00.0";"0.00"
"779";"65";"2022-07-01 00:00:00.0";"0.00"
"779";"65";"2022-07-01 01:00:00.0";"0.00"
"779";"65";"2022-07-01 02:00:00.0";"0.00"
"779";"65";"2022-07-01 03:00:00.0";"0.00"
"779";"65";"2022-07-01 04:00:00.0";"0.00"
"742";"65";"2022-07-01 00:00:00.0";"0.00"
"742";"65";"2022-07-01 01:00:00.0";"0.00"
"742";"65";"2022-07-01 02:00:00.0";"0.00"
"742";"65";"2022-07-01 03:00:00.0";"0.00"
"712";"65";"2022-07-01 00:00:00.0";"0.00"
"712";"65";"2022-07-01 01:00:00.0";"0.00"
"725";"65";"2022-07-01 00:00:00.0";"0.00"
"725";"65";"2022-07-01 01:00:00.0";"0.00"
"725";"65";"2022-07-01 02:00:00.0";"0.00"
"708";"65";"2022-07-01 00:00:00.0";"0.00"
"708";"65";"2022-07-01 01:00:00.0";"0.00"
"745";"65";"2022-07-01 00:00:00.0";"0.00"
"745";"65";"2022-07-01 01:00:00.0";"0.00"
"745";"65";"2022-07-01 02:00:00.0";"0.00"
"745";"65";"2022-07-01 03:00:00.0";"0.00"
"765";"65";"2022-07-01 00:00:00.0";"0.00"
"765";"65";"2022-07-01 01:00:00.0";"0.00"
"765";"65";"2022-07-01 02:00:00.0";"0.00"
"765";"65";"2022-07-01 03:00:00.0";"0.00"
"765";"65";"2022-07-01 04:00:00.0";"0.00"
"740";"65";"2022-07-01 00:00:00.0";"0.00"
"700";"65";"2022-07-01 00:00:00.0";"0.00"
"700";"65";"2022-07-01 01:00:00.0";"0.00"
"743";"65";"2022-07-01 00:00:00.0";"0.00"
"743";"65";"2022-07-01 01:00:00.0";"0.00"
"743";"65";"2022-07-01 02:00:00.0";"0.00"
"1380";"65";"2022-07-01 00:00:00.0";"0.00"
"1380";"65";"2022-07-01 01:00:00.0";"0.00"
"1380";"65";"2022-07-01 02:00:00.0";"0.00"
"1380";"65";"2022-07-01 03:00:00.0";"0.00"
"1380";"65";"2022-07-01 04:00:00.0";"0.00"
"729";"65";"2022-07-01 00:00:00.0";"0.00"
"729";"65";"2022-07-01 01:00:00.0";"0.00"
"729";"65";"2022-07-01 02:00:00.0";"0.00"
"767";"65";"2022-07-01 00:00:00.0";"0.00"
"767";"65";"2022-07-01 01:00:00.0";"0.00"
"767";"65";"2022-07-01 02:00:00.0";"0.00"
"767";"65";"2022-07-01 03:00:00.0";"0.00"
"767";"65";"2022-07-01 04:00:00.0";"0.00"
"764";"65";"2022-07-01 00:00:00.0";"0.00"
"764";"65";"2022-07-01 01:00:00.0";"0.00"
"764";"65";"2022-07-01 02:00:00.0";"0.00"
"764";"65";"2022-07-01 03:00:00.0";"0.00"
"764";"65";"2022-07-01 04:00:00.0";"0.00"
"776";"65";"2022-07-01 00:00:00.0";"0.00"
"776";"65";"2022-07-01 01:00:00.0";"0.00"
"776";"65";"2022-07-01 02:00:00.0";"0.00"
"776";"65";"2022-07-01 03:00:00.0";"0.00"
"776";"65";"2022-07-01 04:00:00.0";"0.00"
"780";"65";"2022-07-01 00:00:00.0";"0.00"
"780";"65";"2022-07-01 01:00:00.0";"0.00"
"780";"65";"2022-07-01 02:00:00.0";"0.00"
"780";"65";"2022-07-01 03:00:00.0";"0.00"
"780";"65";"2022-07-01 04:00:00.0";"0.00"
"728";"65";"2022-07-01 00:00:00.0";"0.00"
"728";"65";"2022-07-01 01:00:00.0";"0.00"
"728";"65";"2022-07-01 02:00:00.0";"0.00"
"761";"65";"2022-07-01 00:00:00.0";"0.00"
"761";"65";"2022-07-01 01:00:00.0";"0.00"
"761";"65";"2022-07-01 02:00:00.0";"0.00"
"761";"65";"2022-07-01 03:00:00.0";"0.00"
"694";"65";"2022-07-01 00:00:00.0";"0.00"
"694";"65";"2022-07-01 01:00:00.0";"0.00"
"711";"65";"2022-07-01 00:00:00.0";"0.00"
"711";"65";"2022-07-01 01:00:00.0";"0.00"
"778";"65";"2022-07-01 00:00:00.0";"0.00"
"778";"65";"2022-07-01 01:00:00.0";"0.00"
"778";"65";"2022-07-01 02:00:00.0";"0.00"
"778";"65";"2022-07-01 03:00:00.0";"0.00"
"778";"65";"2022-07-01 04:00:00.0";"0.00"
"750";"65";"2022-07-01 00:00:00.0";"0.00"
"750";"65";"2022-07-01 01:00:00.0";"0.00"
"750";"65";"2022-07-01 02:00:00.0";"0.00"
"750";"65";"2022-07-01 03:00:00.0";"0.00"
"739";"65";"2022-07-01 00:00:00.0";"0.00"
"739";"65";"2022-07-01 01:00:00.0";"0.00"
"739";"65";"2022-07-01 02:00:00.0";"0.00"
"754";"65";"2022-07-01 00:00:00.0";"0.00"
"754";"65";"2022-07-01 01:00:00.0";"0.00"
"754";"65";"2022-07-01 02:00:00.0";"0.00"
"754";"65";"2022-07-01 03:00:00.0";"0.00"
"1385";"65";"2022-07-01 00:00:00.0";"0.00"
"698";"65";"2022-07-01 00:00:00.0";"0.00"
"698";"65";"2022-07-01 01:00:00.0";"0.00"
"716";"65";"2022-07-01 00:00:00.0";"0.00"
"716";"65";"2022-07-01 01:00:00.0";"0.00"
"716";"65";"2022-07-01 02:00:00.0";"0.00"
"722";"65";"2022-07-01 00:00:00.0";"0.00"
"722";"65";"2022-07-01 01:00:00.0";"0.00"
"722";"65";"2022-07-01 02:00:00.0";"0.00"
"770";"65";"2022-07-01 00:00:00.0";"0.00"
"770";"65";"2022-07-01 01:00:00.0";"0.00"
"770";"65";"2022-07-01 02:00:00.0";"0.00"
"770";"65";"2022-07-01 03:00:00.0";"0.00"
"770";"65";"2022-07-01 04:00:00.0";"0.00"
"706";"65";"2022-07-01 00:00:00.0";"0.00"
"706";"65";"2022-07-01 01:00:00.0";"0.00"
"724";"65";"2022-07-01 00:00:00.0";"0.00"
"724";"65";"2022-07-01 01:00:00.0";"0.00"
"724";"65";"2022-07-01 02:00:00.0";"0.00"
"734";"65";"2022-07-01 00:00:00.0";"0.00"
"734";"65";"2022-07-01 01:00:00.0";"0.00"
"734";"65";"2022-07-01 02:00:00.0";"0.00"
"757";"65";"2022-07-01 00:00:00.0";"0.00"
"757";"65";"2022-07-01 01:00:00.0";"0.00"
"757";"65";"2022-07-01 02:00:00.0";"0.00"
"757";"65";"2022-07-01 03:00:00.0";"0.00"
"1424";"65";"2022-07-01 00:00:00.0";"0.00"
"1424";"65";"2022-07-01 01:00:00.0";"0.00"
"1424";"65";"2022-07-01 02:00:00.0";"0.00"
"1424";"65";"2022-07-01 03:00:00.0";"0.00"
"1424";"65";"2022-07-01 04:00:00.0";"0.00"
"1424";"65";"2022-07-01 05:00:00.0";"0.00"
"685";"65";"2022-07-01 00:00:00.0";"0.00"
"736";"65";"2022-07-01 00:00:00.0";"0.00"
"736";"65";"2022-07-01 01:00:00.0";"0.00"
"736";"65";"2022-07-01 02:00:00.0";"0.00"
"705";"65";"2022-07-01 00:00:00.0";"0.00"
"705";"65";"2022-07-01 01:00:00.0";"0.00"
"684";"65";"2022-07-01 00:00:00.0";"0.00"
"710";"65";"2022-07-01 00:00:00.0";"0.00"
"710";"65";"2022-07-01 01:00:00.0";"0.00"
"748";"65";"2022-07-01 00:00:00.0";"0.00"
"748";"65";"2022-07-01 01:00:00.0";"0.00"
"748";"65";"2022-07-01 02:00:00.0";"0.00"
"748";"65";"2022-07-01 03:00:00.0";"0.00"
"687";"65";"2022-07-01 00:00:00.0";"0.00"
"713";"65";"2022-07-01 00:00:00.0";"0.00"
"713";"65";"2022-07-01 01:00:00.0";"0.00"
"717";"65";"2022-07-01 00:00:00.0";"0.00"
"717";"65";"2022-07-01 01:00:00.0";"0.00"
"717";"65";"2022-07-01 02:00:00.0";"0.00"
"766";"65";"2022-07-01 00:00:00.0";"0.00"
"766";"65";"2022-07-01 01:00:00.0";"0.00"
"766";"65";"2022-07-01 02:00:00.0";"0.00"
"766";"65";"2022-07-01 03:00:00.0";"0.00"
"766";"65";"2022-07-01 04:00:00.0";"0.00"
"774";"65";"2022-07-01 00:00:00.0";"0.00"
"774";"65";"2022-07-01 01:00:00.0";"0.00"
"774";"65";"2022-07-01 02:00:00.0";"0.00"
"774";"65";"2022-07-01 03:00:00.0";"0.00"
"774";"65";"2022-07-01 04:00:00.0";"0.00"
"1444";"65";"2022-07-01 00:00:00.0";"0.00"
"1444";"65";"2022-07-01 01:00:00.0";"0.00"
"1444";"65";"2022-07-01 02:00:00.0";"0.00"
"1444";"65";"2022-07-01 03:00:00.0";"0.00"
"1444";"65";"2022-07-01 04:00:00.0";"0.00"
"1444";"65";"2022-07-01 05:00:00.0";"0.00"
"1382";"65";"2022-07-01 00:00:00.0";"0.00"
"1382";"65";"2022-07-01 01:00:00.0";"0.00"
"1382";"65";"2022-07-01 02:00:00.0";"0.00"
"1382";"65";"2022-07-01 03:00:00.0";"0.00"
"1382";"65";"2022-07-01 04:00:00.0";"0.00"
"755";"65";"2022-07-01 00:00:00.0";"0.00"
"755";"65";"2022-07-01 01:00:00.0";"0.00"
"755";"65";"2022-07-01 02:00:00.0";"0.00"
"755";"65";"2022-07-01 03:00:00.0";"0.00"
"762";"65";"2022-07-01 00:00:00.0";"0.00"
"762";"65";"2022-07-01 01:00:00.0";"0.00"
"762";"65";"2022-07-01 02:00:00.0";"0.00"
"762";"65";"2022-07-01 03:00:00.0";"0.00"
"763";"65";"2022-07-01 00:00:00.0";"0.00"
"763";"65";"2022-07-01 01:00:00.0";"0.00"
"763";"65";"2022-07-01 02:00:00.0";"0.00"
"763";"65";"2022-07-01 03:00:00.0";"0.00"
"701";"65";"2022-07-01 00:00:00.0";"0.00"
"701";"65";"2022-07-01 01:00:00.0";"0.00"
"683";"65";"2022-07-01 00:00:00.0";"0.00"
"703";"65";"2022-07-01 00:00:00.0";"0.00"
"703";"65";"2022-07-01 01:00:00.0";"0.00"
"746";"65";"2022-07-01 00:00:00.0";"0.00"
"746";"65";"2022-07-01 01:00:00.0";"0.00"
"746";"65";"2022-07-01 02:00:00.0";"0.00"
"746";"65";"2022-07-01 03:00:00.0";"0.00"
"760";"65";"2022-07-01 00:00:00.0";"0.00"
"760";"65";"2022-07-01 01:00:00.0";"0.00"
"760";"65";"2022-07-01 02:00:00.0";"0.00"
"760";"65";"2022-07-01 03:00:00.0";"0.00"
"775";"65";"2022-07-01 00:00:00.0";"0.00"
"775";"65";"2022-07-01 01:00:00.0";"0.00"
"775";"65";"2022-07-01 02:00:00.0";"0.00"
"775";"65";"2022-07-01 03:00:00.0";"0.00"
"775";"65";"2022-07-01 04:00:00.0";"0.00"
"709";"65";"2022-07-01 00:00:00.0";"0.00"
"730";"65";"2022-07-01 00:00:00.0";"0.00"
"731";"65";"2022-07-01 00:00:00.0";"0.00"
"1386";"65";"2022-07-01 00:00:00.0";"0.00"
"693";"65";"2022-07-01 00:00:00.0";"0.00"
"689";"65";"2022-07-01 00:00:00.0";"0.00"
"689";"65";"2022-07-01 01:00:00.0";"0.00"
"696";"65";"2022-07-01 00:00:00.0";"0.00"
"696";"65";"2022-07-01 01:00:00.0";"0.00"
"697";"65";"2022-07-01 00:00:00.0";"0.00"
"697";"65";"2022-07-01 01:00:00.0";"0.00"
"723";"65";"2022-07-01 00:00:00.0";"0.00"
"723";"65";"2022-07-01 01:00:00.0";"0.00"
"723";"65";"2022-07-01 02:00:00.0";"0.00"
"718";"65";"2022-07-01 00:00:00.0";"0.00"
"718";"65";"2022-07-01 01:00:00.0";"0.00"
"718";"65";"2022-07-01 02:00:00.0";"0.00"
"721";"65";"2022-07-01 00:00:00.0";"0.00"
"721";"65";"2022-07-01 01:00:00.0";"0.00"
"721";"65";"2022-07-01 02:00:00.0";"0.00"
"772";"65";"2022-07-01 00:00:00.0";"0.00"
"772";"65";"2022-07-01 01:00:00.0";"0.00"
"772";"65";"2022-07-01 02:00:00.0";"0.00"
"772";"65";"2022-07-01 03:00:00.0";"0.00"
"772";"65";"2022-07-01 04:00:00.0";"0.00"
"733";"65";"2022-07-01 00:00:00.0";"0.00"
"733";"65";"2022-07-01 01:00:00.0";"0.00"
"733";"65";"2022-07-01 02:00:00.0";"0.00"
"747";"65";"2022-07-01 00:00:00.0";"0.00"
"752";"65";"2022-07-01 00:00:00.0";"0.00"
"752";"65";"2022-07-01 01:00:00.0";"0.00"
"752";"65";"2022-07-01 02:00:00.0";"0.00"
"752";"65";"2022-07-01 03:00:00.0";"0.00"
"758";"65";"2022-07-01 00:00:00.0";"0.00"
"758";"65";"2022-07-01 01:00:00.0";"0.00"
"758";"65";"2022-07-01 02:00:00.0";"0.00"
"758";"65";"2022-07-01 03:00:00.0";"0.00"
"695";"65";"2022-07-02 00:00:00.0";"0.00"
"695";"65";"2022-07-02 01:00:00.0";"0.00"
"712";"65";"2022-07-02 00:00:00.0";"0.00"
"712";"65";"2022-07-02 01:00:00.0";"0.00"
"745";"65";"2022-07-02 00:00:00.0";"0.00"
"745";"65";"2022-07-02 01:00:00.0";"0.00"
"745";"65";"2022-07-02 02:00:00.0";"0.00"
"745";"65";"2022-07-02 03:00:00.0";"0.00"
"740";"65";"2022-07-02 00:00:00.0";"0.00"
"743";"65";"2022-07-02 00:00:00.0";"0.00"
"743";"65";"2022-07-02 01:00:00.0";"0.00"
"743";"65";"2022-07-02 02:00:00.0";"0.00"
"729";"65";"2022-07-02 00:00:00.0";"0.00"
"729";"65";"2022-07-02 01:00:00.0";"0.00"
"729";"65";"2022-07-02 02:00:00.0";"0.00"
"728";"65";"2022-07-02 00:00:00.0";"0.00"
"728";"65";"2022-07-02 01:00:00.0";"0.00"
"728";"65";"2022-07-02 02:00:00.0";"0.00"
"694";"65";"2022-07-02 00:00:00.0";"0.00"
"711";"65";"2022-07-02 00:00:00.0";"0.00"
"711";"65";"2022-07-02 01:00:00.0";"0.00"
"739";"65";"2022-07-02 00:00:00.0";"0.00"
"739";"65";"2022-07-02 01:00:00.0";"0.00"
"739";"65";"2022-07-02 02:00:00.0";"0.00"
"754";"65";"2022-07-02 00:00:00.0";"0.00"
"754";"65";"2022-07-02 01:00:00.0";"0.00"
"754";"65";"2022-07-02 02:00:00.0";"0.00"
"754";"65";"2022-07-02 03:00:00.0";"0.00"
"698";"65";"2022-07-02 00:00:00.0";"0.00"
"698";"65";"2022-07-02 01:00:00.0";"0.00"
"722";"65";"2022-07-02 00:00:00.0";"0.00"
"722";"65";"2022-07-02 01:00:00.0";"0.00"
"722";"65";"2022-07-02 02:00:00.0";"0.00"
"724";"65";"2022-07-02 00:00:00.0";"0.00"
"724";"65";"2022-07-02 01:00:00.0";"0.00"
"724";"65";"2022-07-02 02:00:00.0";"0.00"
"734";"65";"2022-07-02 00:00:00.0";"0.00"
"734";"65";"2022-07-02 01:00:00.0";"0.00"
"734";"65";"2022-07-02 02:00:00.0";"0.00"
"685";"65";"2022-07-02 00:00:00.0";"0.00"
"710";"65";"2022-07-02 00:00:00.0";"0.00"
"710";"65";"2022-07-02 01:00:00.0";"0.00"
"713";"65";"2022-07-02 00:00:00.0";"0.00"
"713";"65";"2022-07-02 01:00:00.0";"0.00"
"755";"65";"2022-07-02 00:00:00.0";"0.00"
"755";"65";"2022-07-02 01:00:00.0";"0.00"
"755";"65";"2022-07-02 02:00:00.0";"0.00"
"755";"65";"2022-07-02 03:00:00.0";"0.00"
"683";"65";"2022-07-02 00:00:00.0";"0.00"
"703";"65";"2022-07-02 00:00:00.0";"0.00"
"703";"65";"2022-07-02 01:00:00.0";"0.00"
"759";"65";"2022-07-02 00:00:00.0";"0.00"
"759";"65";"2022-07-02 01:00:00.0";"0.00"
"759";"65";"2022-07-02 02:00:00.0";"0.00"
"760";"65";"2022-07-02 00:00:00.0";"0.00"
"760";"65";"2022-07-02 01:00:00.0";"0.00"
"760";"65";"2022-07-02 02:00:00.0";"0.00"
"760";"65";"2022-07-02 03:00:00.0";"0.00"
"709";"65";"2022-07-02 00:00:00.0";"0.00"
"730";"65";"2022-07-02 00:00:00.0";"0.00"
"697";"65";"2022-07-02 00:00:00.0";"0.00"
"697";"65";"2022-07-02 01:00:00.0";"0.00"
"723";"65";"2022-07-02 00:00:00.0";"0.00"
"723";"65";"2022-07-02 01:00:00.0";"0.00"
"723";"65";"2022-07-02 02:00:00.0";"0.00"
"718";"65";"2022-07-02 00:00:00.0";"0.00"
"718";"65";"2022-07-02 01:00:00.0";"0.00"
"718";"65";"2022-07-02 02:00:00.0";"0.00"
"721";"65";"2022-07-02 00:00:00.0";"0.00"
"721";"65";"2022-07-02 01:00:00.0";"0.00"
"752";"65";"2022-07-02 00:00:00.0";"0.00"
"752";"65";"2022-07-02 01:00:00.0";"0.00"
"752";"65";"2022-07-02 02:00:00.0";"0.00"
"752";"65";"2022-07-02 03:00:00.0";"0.00"
"758";"65";"2022-07-02 00:00:00.0";"0.00"
"758";"65";"2022-07-02 01:00:00.0";"0.00"
"758";"65";"2022-07-02 02:00:00.0";"0.00"
"758";"65";"2022-07-02 03:00:00.0";"0.00"
"715";"65";"2022-07-02 00:00:00.0";"0.00"
"715";"65";"2022-07-02 01:00:00.0";"0.00"
"716";"65";"2022-07-02 00:00:00.0";"0.00"
"716";"65";"2022-07-02 01:00:00.0";"0.00"
"727";"65";"2022-07-02 00:00:00.0";"0.00"
"689";"65";"2022-07-02 00:00:00.0";"0.00"
"708";"65";"2022-07-02 00:00:00.0";"0.00"
"708";"65";"2022-07-02 01:00:00.0";"0.00"
"749";"65";"2022-07-02 00:00:00.0";"0.00"
"749";"65";"2022-07-02 01:00:00.0";"0.00"
"749";"65";"2022-07-02 02:00:00.0";"0.00"
"749";"65";"2022-07-02 03:00:00.0";"0.00"
"746";"65";"2022-07-02 00:00:00.0";"0.00"
"746";"65";"2022-07-02 01:00:00.0";"0.00"
"746";"65";"2022-07-02 02:00:00.0";"0.00"
"751";"65";"2022-07-02 00:00:00.0";"0.00"
"751";"65";"2022-07-02 01:00:00.0";"0.00"
"751";"65";"2022-07-02 02:00:00.0";"0.00"
"751";"65";"2022-07-02 03:00:00.0";"0.00"
"756";"65";"2022-07-02 01:00:00.0";"0.00"
"756";"65";"2022-07-02 02:00:00.0";"0.00"
"756";"65";"2022-07-02 03:00:00.0";"0.00"
"757";"65";"2022-07-02 00:00:00.0";"0.00"
"757";"65";"2022-07-02 01:00:00.0";"0.00"
"757";"65";"2022-07-02 02:00:00.0";"0.00"
"757";"65";"2022-07-02 03:00:00.0";"0.00"
"684";"65";"2022-07-02 00:00:00.0";"0.00"
"686";"65";"2022-07-02 00:00:00.0";"0.00"
"687";"65";"2022-07-02 00:00:00.0";"0.00"
"696";"65";"2022-07-02 00:00:00.0";"0.00"
"696";"65";"2022-07-02 01:00:00.0";"0.00"
"699";"65";"2022-07-02 00:00:00.0";"0.00"
"699";"65";"2022-07-02 01:00:00.0";"0.00"
"701";"65";"2022-07-02 00:00:00.0";"0.00"
"701";"65";"2022-07-02 01:00:00.0";"0.00"
"705";"65";"2022-07-02 00:00:00.0";"0.00"
"705";"65";"2022-07-02 01:00:00.0";"0.00"
"731";"65";"2022-07-02 00:00:00.0";"0.00"
"747";"65";"2022-07-02 00:00:00.0";"0.00"
"725";"65";"2022-07-02 00:00:00.0";"0.00"
"725";"65";"2022-07-02 01:00:00.0";"0.00"
"725";"65";"2022-07-02 02:00:00.0";"0.00"
"733";"65";"2022-07-02 00:00:00.0";"0.00"
"733";"65";"2022-07-02 01:00:00.0";"0.00"
"733";"65";"2022-07-02 02:00:00.0";"0.00"
"736";"65";"2022-07-02 00:00:00.0";"0.00"
"736";"65";"2022-07-02 01:00:00.0";"0.00"
"736";"65";"2022-07-02 02:00:00.0";"0.00"
"742";"65";"2022-07-02 00:00:00.0";"0.00"
"742";"65";"2022-07-02 01:00:00.0";"0.00"
"742";"65";"2022-07-02 02:00:00.0";"0.00"
"742";"65";"2022-07-02 03:00:00.0";"0.00"
"717";"65";"2022-07-02 00:00:00.0";"0.00"
"717";"65";"2022-07-02 01:00:00.0";"0.00"
"744";"65";"2022-07-02 00:00:00.0";"0.00"
"744";"65";"2022-07-02 01:00:00.0";"0.00"
"744";"65";"2022-07-02 02:00:00.0";"0.00"
"738";"65";"2022-07-02 00:00:00.0";"0.00"
"738";"65";"2022-07-02 01:00:00.0";"0.00"
"738";"65";"2022-07-02 02:00:00.0";"0.00"
"750";"65";"2022-07-02 00:00:00.0";"0.00"
"750";"65";"2022-07-02 01:00:00.0";"0.00"
"750";"65";"2022-07-02 02:00:00.0";"0.00"
"750";"65";"2022-07-02 03:00:00.0";"0.00"
"690";"65";"2022-07-02 00:00:00.0";"0.00"
"753";"65";"2022-07-02 00:00:00.0";"0.00"
"753";"65";"2022-07-02 01:00:00.0";"0.00"
"753";"65";"2022-07-02 02:00:00.0";"0.00"
"753";"65";"2022-07-02 03:00:00.0";"0.00"
"756";"65";"2022-07-02 00:00:00.0";"0.00"
"693";"65";"2022-07-02 00:00:00.0";"0.00"
"700";"65";"2022-07-02 00:00:00.0";"0.00"
"700";"65";"2022-07-02 01:00:00.0";"0.00"
"706";"65";"2022-07-02 00:00:00.0";"0.00"
"706";"65";"2022-07-02 01:00:00.0";"0.00"
"748";"65";"2022-07-02 00:00:00.0";"0.00"
"748";"65";"2022-07-02 01:00:00.0";"0.00"
"748";"65";"2022-07-02 02:00:00.0";"0.00"
"748";"65";"2022-07-02 03:00:00.0";"0.00"
"712";"65";"2022-07-03 00:00:00.0";"0.00"
"712";"65";"2022-07-03 01:00:00.0";"0.00"
"712";"65";"2022-07-03 02:00:00.0";"0.00"
"745";"65";"2022-07-03 00:00:00.0";"0.00"
"745";"65";"2022-07-03 01:00:00.0";"0.00"
"745";"65";"2022-07-03 02:00:00.0";"0.00"
"745";"65";"2022-07-03 03:00:00.0";"0.00"
"740";"65";"2022-07-03 00:00:00.0";"0.00"
"743";"65";"2022-07-03 00:00:00.0";"0.00"
"743";"65";"2022-07-03 01:00:00.0";"0.00"
"743";"65";"2022-07-03 02:00:00.0";"0.00"
"743";"65";"2022-07-03 03:00:00.0";"0.00"
"1380";"65";"2022-07-03 00:00:00.0";"0.00"
"729";"65";"2022-07-03 00:00:00.0";"0.00"
"729";"65";"2022-07-03 01:00:00.0";"0.00"
"729";"65";"2022-07-03 02:00:00.0";"0.00"
"764";"65";"2022-07-03 00:00:00.0";"0.00"
"780";"65";"2022-07-03 00:00:00.0";"0.00"
"728";"65";"2022-07-03 00:00:00.0";"0.00"
"728";"65";"2022-07-03 01:00:00.0";"0.00"
"728";"65";"2022-07-03 02:00:00.0";"0.00"
"694";"65";"2022-07-03 00:00:00.0";"0.00"
"694";"65";"2022-07-03 01:00:00.0";"0.00"
"711";"65";"2022-07-03 00:00:00.0";"0.00"
"711";"65";"2022-07-03 01:00:00.0";"0.00"
"778";"65";"2022-07-03 00:00:00.0";"0.00"
"739";"65";"2022-07-03 00:00:00.0";"0.00"
"739";"65";"2022-07-03 01:00:00.0";"0.00"
"739";"65";"2022-07-03 02:00:00.0";"0.00"
"754";"65";"2022-07-03 00:00:00.0";"0.00"
"754";"65";"2022-07-03 01:00:00.0";"0.00"
"754";"65";"2022-07-03 02:00:00.0";"0.00"
"754";"65";"2022-07-03 03:00:00.0";"0.00"
"698";"65";"2022-07-03 00:00:00.0";"0.00"
"698";"65";"2022-07-03 01:00:00.0";"0.00"
"722";"65";"2022-07-03 00:00:00.0";"0.00"
"722";"65";"2022-07-03 01:00:00.0";"0.00"
"722";"65";"2022-07-03 02:00:00.0";"0.00"
"770";"65";"2022-07-03 00:00:00.0";"0.00"
"724";"65";"2022-07-03 00:00:00.0";"0.00"
"724";"65";"2022-07-03 01:00:00.0";"0.00"
"724";"65";"2022-07-03 02:00:00.0";"0.00"
"734";"65";"2022-07-03 00:00:00.0";"0.00"
"734";"65";"2022-07-03 01:00:00.0";"0.00"
"734";"65";"2022-07-03 02:00:00.0";"0.00"
"1424";"65";"2022-07-03 00:00:00.0";"0.00"
"685";"65";"2022-07-03 00:00:00.0";"0.00"
"710";"65";"2022-07-03 00:00:00.0";"0.00"
"710";"65";"2022-07-03 01:00:00.0";"0.00"
"710";"65";"2022-07-03 02:00:00.0";"0.00"
"713";"65";"2022-07-03 00:00:00.0";"0.00"
"713";"65";"2022-07-03 01:00:00.0";"0.00"
"713";"65";"2022-07-03 02:00:00.0";"0.00"
"766";"65";"2022-07-03 00:00:00.0";"0.00"
"774";"65";"2022-07-03 00:00:00.0";"0.00"
"1444";"65";"2022-07-03 00:00:00.0";"0.00"
"755";"65";"2022-07-03 00:00:00.0";"0.00"
"755";"65";"2022-07-03 01:00:00.0";"0.00"
"755";"65";"2022-07-03 02:00:00.0";"0.00"
"755";"65";"2022-07-03 03:00:00.0";"0.00"
"762";"65";"2022-07-03 00:00:00.0";"0.00"
"683";"65";"2022-07-03 00:00:00.0";"0.00"
"703";"65";"2022-07-03 00:00:00.0";"0.00"
"703";"65";"2022-07-03 01:00:00.0";"0.00"
"760";"65";"2022-07-03 00:00:00.0";"0.00"
"709";"65";"2022-07-03 00:00:00.0";"0.00"
"730";"65";"2022-07-03 00:00:00.0";"0.00"
"1386";"65";"2022-07-03 00:00:00.0";"0.00"
"723";"65";"2022-07-03 00:00:00.0";"0.00"
"723";"65";"2022-07-03 01:00:00.0";"0.00"
"723";"65";"2022-07-03 02:00:00.0";"0.00"
"721";"65";"2022-07-03 00:00:00.0";"0.00"
"721";"65";"2022-07-03 01:00:00.0";"0.00"
"721";"65";"2022-07-03 02:00:00.0";"0.00"
"758";"65";"2022-07-03 00:00:00.0";"0.00"
"758";"65";"2022-07-03 01:00:00.0";"0.00"
"758";"65";"2022-07-03 02:00:00.0";"0.00"
"758";"65";"2022-07-03 03:00:00.0";"0.00"
"775";"65";"2022-07-03 00:00:00.0";"0.00"
"715";"65";"2022-07-03 00:00:00.0";"0.00"
"715";"65";"2022-07-03 01:00:00.0";"0.00"
"715";"65";"2022-07-03 02:00:00.0";"0.00"
"716";"65";"2022-07-03 00:00:00.0";"0.00"
"716";"65";"2022-07-03 01:00:00.0";"0.00"
"716";"65";"2022-07-03 02:00:00.0";"0.00"
"727";"65";"2022-07-03 00:00:00.0";"0.00"
"727";"65";"2022-07-03 01:00:00.0";"0.00"
"727";"65";"2022-07-03 02:00:00.0";"0.00"
"689";"65";"2022-07-03 00:00:00.0";"0.00"
"689";"65";"2022-07-03 01:00:00.0";"0.00"
"708";"65";"2022-07-03 00:00:00.0";"0.00"
"708";"65";"2022-07-03 01:00:00.0";"0.00"
"749";"65";"2022-07-03 00:00:00.0";"0.00"
"749";"65";"2022-07-03 01:00:00.0";"0.00"
"749";"65";"2022-07-03 02:00:00.0";"0.00"
"749";"65";"2022-07-03 03:00:00.0";"0.00"
"1384";"65";"2022-07-03 00:00:00.0";"0.00"
"777";"65";"2022-07-03 00:00:00.0";"0.00"
"1385";"65";"2022-07-03 00:00:00.0";"0.00"
"751";"65";"2022-07-03 00:00:00.0";"0.00"
"751";"65";"2022-07-03 01:00:00.0";"0.00"
"751";"65";"2022-07-03 02:00:00.0";"0.00"
"751";"65";"2022-07-03 03:00:00.0";"0.00"
"756";"65";"2022-07-03 00:00:00.0";"0.00"
"756";"65";"2022-07-03 01:00:00.0";"0.00"
"756";"65";"2022-07-03 02:00:00.0";"0.00"
"756";"65";"2022-07-03 03:00:00.0";"0.00"
"757";"65";"2022-07-03 00:00:00.0";"0.00"
"757";"65";"2022-07-03 01:00:00.0";"0.00"
"757";"65";"2022-07-03 02:00:00.0";"0.00"
"757";"65";"2022-07-03 03:00:00.0";"0.00"
"686";"65";"2022-07-03 00:00:00.0";"0.00"
"686";"65";"2022-07-03 01:00:00.0";"0.00"
"687";"65";"2022-07-03 00:00:00.0";"0.00"
"696";"65";"2022-07-03 00:00:00.0";"0.00"
"696";"65";"2022-07-03 01:00:00.0";"0.00"
"699";"65";"2022-07-03 00:00:00.0";"0.00"
"699";"65";"2022-07-03 01:00:00.0";"0.00"
"701";"65";"2022-07-03 00:00:00.0";"0.00"
"701";"65";"2022-07-03 01:00:00.0";"0.00"
"705";"65";"2022-07-03 00:00:00.0";"0.00"
"705";"65";"2022-07-03 01:00:00.0";"0.00"
"731";"65";"2022-07-03 00:00:00.0";"0.00"
"747";"65";"2022-07-03 00:00:00.0";"0.00"
"733";"65";"2022-07-03 00:00:00.0";"0.00"
"733";"65";"2022-07-03 01:00:00.0";"0.00"
"733";"65";"2022-07-03 02:00:00.0";"0.00"
"736";"65";"2022-07-03 00:00:00.0";"0.00"
"736";"65";"2022-07-03 01:00:00.0";"0.00"
"736";"65";"2022-07-03 02:00:00.0";"0.00"
"736";"65";"2022-07-03 03:00:00.0";"0.00"
"1382";"65";"2022-07-03 00:00:00.0";"0.00"
"742";"65";"2022-07-03 00:00:00.0";"0.00"
"742";"65";"2022-07-03 01:00:00.0";"0.00"
"742";"65";"2022-07-03 02:00:00.0";"0.00"
"742";"65";"2022-07-03 03:00:00.0";"0.20"
"742";"65";"2022-07-03 04:00:00.0";"0.00"
"717";"65";"2022-07-03 00:00:00.0";"0.00"
"717";"65";"2022-07-03 01:00:00.0";"0.00"
"717";"65";"2022-07-03 02:00:00.0";"0.00"
"744";"65";"2022-07-03 00:00:00.0";"0.00"
"744";"65";"2022-07-03 01:00:00.0";"0.00"
"744";"65";"2022-07-03 02:00:00.0";"0.00"
"744";"65";"2022-07-03 03:00:00.0";"0.00"
"738";"65";"2022-07-03 00:00:00.0";"0.00"
"738";"65";"2022-07-03 01:00:00.0";"0.00"
"738";"65";"2022-07-03 02:00:00.0";"0.00"
"750";"65";"2022-07-03 00:00:00.0";"0.00"
"750";"65";"2022-07-03 01:00:00.0";"0.00"
"750";"65";"2022-07-03 02:00:00.0";"0.00"
"750";"65";"2022-07-03 03:00:00.0";"0.00"
"753";"65";"2022-07-03 00:00:00.0";"0.00"
"753";"65";"2022-07-03 01:00:00.0";"0.00"
"753";"65";"2022-07-03 02:00:00.0";"0.00"
"753";"65";"2022-07-03 03:00:00.0";"0.00"
"761";"65";"2022-07-03 00:00:00.0";"0.00"
"765";"65";"2022-07-03 00:00:00.0";"0.00"
"767";"65";"2022-07-03 00:00:00.0";"0.00"
"769";"65";"2022-07-03 00:00:00.0";"0.00"
"779";"65";"2022-07-03 00:00:00.0";"0.00"
"1383";"65";"2022-07-03 00:00:00.0";"0.00"
"772";"65";"2022-07-03 00:00:00.0";"0.00"
"773";"65";"2022-07-03 00:00:00.0";"0.00"
"746";"65";"2022-07-03 00:00:00.0";"0.00"
"746";"65";"2022-07-03 01:00:00.0";"0.00"
"746";"65";"2022-07-03 02:00:00.0";"0.00"
"746";"65";"2022-07-03 03:00:00.0";"0.00"
"697";"65";"2022-07-03 00:00:00.0";"0.00"
"697";"65";"2022-07-03 01:00:00.0";"0.00"
"695";"65";"2022-07-03 00:00:00.0";"0.00"
"695";"65";"2022-07-03 01:00:00.0";"0.00"
"718";"65";"2022-07-03 00:00:00.0";"0.00"
"718";"65";"2022-07-03 01:00:00.0";"0.00"
"718";"65";"2022-07-03 02:00:00.0";"0.00"
"684";"65";"2022-07-03 00:00:00.0";"0.00"
"752";"65";"2022-07-03 00:00:00.0";"0.00"
"752";"65";"2022-07-03 01:00:00.0";"0.00"
"752";"65";"2022-07-03 02:00:00.0";"0.00"
"752";"65";"2022-07-03 03:00:00.0";"0.00"
"1381";"65";"2022-07-03 00:00:00.0";"0.00"
"725";"65";"2022-07-03 00:00:00.0";"0.00"
"725";"65";"2022-07-03 01:00:00.0";"0.00"
"725";"65";"2022-07-03 02:00:00.0";"0.00"
"748";"65";"2022-07-03 00:00:00.0";"0.00"
"748";"65";"2022-07-03 01:00:00.0";"0.00"
"748";"65";"2022-07-03 02:00:00.0";"0.00"
"748";"65";"2022-07-03 03:00:00.0";"0.00"
"693";"65";"2022-07-03 00:00:00.0";"0.00"
"693";"65";"2022-07-03 01:00:00.0";"0.00"
"690";"65";"2022-07-03 00:00:00.0";"0.00"
"690";"65";"2022-07-03 01:00:00.0";"0.00"
"706";"65";"2022-07-03 00:00:00.0";"0.00"
"706";"65";"2022-07-03 01:00:00.0";"0.00"
"763";"65";"2022-07-03 00:00:00.0";"0.00"
"776";"65";"2022-07-03 00:00:00.0";"0.00"
"700";"65";"2022-07-03 00:00:00.0";"0.00"
"700";"65";"2022-07-03 01:00:00.0";"0.00"
"712";"65";"2022-07-04 00:00:00.0";"0.00"
"712";"65";"2022-07-04 01:00:00.0";"0.00"
"745";"65";"2022-07-04 00:00:00.0";"0.00"
"745";"65";"2022-07-04 01:00:00.0";"0.00"
"745";"65";"2022-07-04 02:00:00.0";"0.00"
"745";"65";"2022-07-04 03:00:00.0";"0.00"
"740";"65";"2022-07-04 00:00:00.0";"0.00"
"743";"65";"2022-07-04 00:00:00.0";"0.00"
"743";"65";"2022-07-04 01:00:00.0";"0.00"
"743";"65";"2022-07-04 02:00:00.0";"0.00"
"729";"65";"2022-07-04 00:00:00.0";"0.00"
"729";"65";"2022-07-04 01:00:00.0";"0.00"
"729";"65";"2022-07-04 02:00:00.0";"0.00"
"764";"65";"2022-07-04 00:00:00.0";"0.00"
"764";"65";"2022-07-04 01:00:00.0";"0.00"
"764";"65";"2022-07-04 02:00:00.0";"0.00"
"764";"65";"2022-07-04 03:00:00.0";"0.00"
"764";"65";"2022-07-04 04:00:00.0";"0.00"
"728";"65";"2022-07-04 00:00:00.0";"0.00"
"728";"65";"2022-07-04 01:00:00.0";"0.00"
"728";"65";"2022-07-04 02:00:00.0";"0.00"
"694";"65";"2022-07-04 00:00:00.0";"0.00"
"694";"65";"2022-07-04 01:00:00.0";"0.00"
"711";"65";"2022-07-04 00:00:00.0";"0.00"
"711";"65";"2022-07-04 01:00:00.0";"0.00"
"739";"65";"2022-07-04 00:00:00.0";"0.00"
"739";"65";"2022-07-04 01:00:00.0";"0.00"
"739";"65";"2022-07-04 02:00:00.0";"0.00"
"754";"65";"2022-07-04 00:00:00.0";"0.00"
"754";"65";"2022-07-04 01:00:00.0";"0.00"
"754";"65";"2022-07-04 02:00:00.0";"0.00"
"754";"65";"2022-07-04 03:00:00.0";"0.00"
"698";"65";"2022-07-04 00:00:00.0";"0.00"
"698";"65";"2022-07-04 01:00:00.0";"0.00"
"722";"65";"2022-07-04 00:00:00.0";"0.00"
"722";"65";"2022-07-04 01:00:00.0";"0.00"
"722";"65";"2022-07-04 02:00:00.0";"0.00"
"724";"65";"2022-07-04 00:00:00.0";"0.00"
"724";"65";"2022-07-04 01:00:00.0";"0.00"
"724";"65";"2022-07-04 02:00:00.0";"0.00"
"734";"65";"2022-07-04 00:00:00.0";"0.00"
"734";"65";"2022-07-04 01:00:00.0";"0.00"
"734";"65";"2022-07-04 02:00:00.0";"0.00"
"685";"65";"2022-07-04 00:00:00.0";"0.00"
"710";"65";"2022-07-04 00:00:00.0";"0.00"
"710";"65";"2022-07-04 01:00:00.0";"0.00"
"713";"65";"2022-07-04 00:00:00.0";"0.00"
"713";"65";"2022-07-04 01:00:00.0";"0.00"
"755";"65";"2022-07-04 00:00:00.0";"0.00"
"755";"65";"2022-07-04 01:00:00.0";"0.00"
"755";"65";"2022-07-04 02:00:00.0";"0.00"
"755";"65";"2022-07-04 03:00:00.0";"0.00"
"755";"65";"2022-07-04 04:00:00.0";"0.00"
"683";"65";"2022-07-04 00:00:00.0";"0.00"
"703";"65";"2022-07-04 00:00:00.0";"0.00"
"703";"65";"2022-07-04 01:00:00.0";"0.00"
"760";"65";"2022-07-04 00:00:00.0";"0.00"
"760";"65";"2022-07-04 01:00:00.0";"0.00"
"760";"65";"2022-07-04 02:00:00.0";"0.00"
"760";"65";"2022-07-04 03:00:00.0";"0.00"
"709";"65";"2022-07-04 00:00:00.0";"0.00"
"730";"65";"2022-07-04 00:00:00.0";"0.00"
"723";"65";"2022-07-04 00:00:00.0";"0.00"
"723";"65";"2022-07-04 01:00:00.0";"0.00"
"723";"65";"2022-07-04 02:00:00.0";"0.00"
"721";"65";"2022-07-04 00:00:00.0";"0.00"
"721";"65";"2022-07-04 01:00:00.0";"0.00"
"721";"65";"2022-07-04 02:00:00.0";"0.00"
"758";"65";"2022-07-04 00:00:00.0";"0.00"
"758";"65";"2022-07-04 01:00:00.0";"0.00"
"758";"65";"2022-07-04 02:00:00.0";"0.00"
"758";"65";"2022-07-04 03:00:00.0";"0.00"
"715";"65";"2022-07-04 00:00:00.0";"0.00"
"715";"65";"2022-07-04 01:00:00.0";"0.00"
"716";"65";"2022-07-04 00:00:00.0";"0.00"
"716";"65";"2022-07-04 01:00:00.0";"0.00"
"716";"65";"2022-07-04 02:00:00.0";"0.00"
"727";"65";"2022-07-04 00:00:00.0";"0.00"
"727";"65";"2022-07-04 01:00:00.0";"0.00"
"727";"65";"2022-07-04 02:00:00.0";"0.00"
"689";"65";"2022-07-04 00:00:00.0";"0.00"
"689";"65";"2022-07-04 01:00:00.0";"0.00"
"708";"65";"2022-07-04 00:00:00.0";"0.00"
"708";"65";"2022-07-04 01:00:00.0";"0.00"
"749";"65";"2022-07-04 00:00:00.0";"0.00"
"749";"65";"2022-07-04 01:00:00.0";"0.00"
"749";"65";"2022-07-04 02:00:00.0";"0.00"
"749";"65";"2022-07-04 03:00:00.0";"0.00"
"751";"65";"2022-07-04 00:00:00.0";"0.00"
"751";"65";"2022-07-04 01:00:00.0";"0.00"
"751";"65";"2022-07-04 02:00:00.0";"0.00"
"751";"65";"2022-07-04 03:00:00.0";"0.00"
"756";"65";"2022-07-04 00:00:00.0";"0.00"
"756";"65";"2022-07-04 01:00:00.0";"0.00"
"756";"65";"2022-07-04 02:00:00.0";"0.00"
"756";"65";"2022-07-04 03:00:00.0";"0.00"
"757";"65";"2022-07-04 00:00:00.0";"0.00"
"757";"65";"2022-07-04 01:00:00.0";"0.00"
"757";"65";"2022-07-04 02:00:00.0";"0.00"
"757";"65";"2022-07-04 03:00:00.0";"0.00"
"686";"65";"2022-07-04 00:00:00.0";"0.00"
"687";"65";"2022-07-04 00:00:00.0";"0.00"
"696";"65";"2022-07-04 00:00:00.0";"0.00"
"696";"65";"2022-07-04 01:00:00.0";"0.00"
"701";"65";"2022-07-04 00:00:00.0";"0.00"
"701";"65";"2022-07-04 01:00:00.0";"0.00"
"705";"65";"2022-07-04 00:00:00.0";"0.00"
"705";"65";"2022-07-04 01:00:00.0";"0.00"
"731";"65";"2022-07-04 00:00:00.0";"0.00"
"747";"65";"2022-07-04 00:00:00.0";"0.00"
"733";"65";"2022-07-04 00:00:00.0";"0.00"
"733";"65";"2022-07-04 01:00:00.0";"0.00"
"733";"65";"2022-07-04 02:00:00.0";"0.00"
"736";"65";"2022-07-04 00:00:00.0";"0.00"
"736";"65";"2022-07-04 01:00:00.0";"0.00"
"736";"65";"2022-07-04 02:00:00.0";"0.00"
"742";"65";"2022-07-04 00:00:00.0";"0.00"
"742";"65";"2022-07-04 01:00:00.0";"0.00"
"742";"65";"2022-07-04 02:00:00.0";"0.00"
"742";"65";"2022-07-04 03:00:00.0";"0.00"
"717";"65";"2022-07-04 00:00:00.0";"0.00"
"717";"65";"2022-07-04 01:00:00.0";"0.00"
"717";"65";"2022-07-04 02:00:00.0";"0.00"
"744";"65";"2022-07-04 00:00:00.0";"0.00"
"744";"65";"2022-07-04 01:00:00.0";"0.00"
"744";"65";"2022-07-04 02:00:00.0";"0.00"
"744";"65";"2022-07-04 03:00:00.0";"0.00"
"738";"65";"2022-07-04 00:00:00.0";"0.00"
"738";"65";"2022-07-04 01:00:00.0";"0.00"
"738";"65";"2022-07-04 02:00:00.0";"0.00"
"750";"65";"2022-07-04 00:00:00.0";"0.00"
"750";"65";"2022-07-04 01:00:00.0";"0.00"
"750";"65";"2022-07-04 02:00:00.0";"0.00"
"750";"65";"2022-07-04 03:00:00.0";"0.00"
"753";"65";"2022-07-04 00:00:00.0";"0.00"
"753";"65";"2022-07-04 01:00:00.0";"0.00"
"753";"65";"2022-07-04 02:00:00.0";"0.00"
"753";"65";"2022-07-04 03:00:00.0";"0.00"
"761";"65";"2022-07-04 00:00:00.0";"0.00"
"761";"65";"2022-07-04 01:00:00.0";"0.00"
"761";"65";"2022-07-04 02:00:00.0";"0.00"
"761";"65";"2022-07-04 03:00:00.0";"0.00"
"765";"65";"2022-07-04 00:00:00.0";"0.00"
"765";"65";"2022-07-04 01:00:00.0";"0.00"
"765";"65";"2022-07-04 02:00:00.0";"0.00"
"765";"65";"2022-07-04 03:00:00.0";"0.00"
"746";"65";"2022-07-04 00:00:00.0";"0.00"
"746";"65";"2022-07-04 01:00:00.0";"0.00"
"746";"65";"2022-07-04 02:00:00.0";"0.00"
"746";"65";"2022-07-04 03:00:00.0";"0.00"
"697";"65";"2022-07-04 00:00:00.0";"0.00"
"697";"65";"2022-07-04 01:00:00.0";"0.00"
"695";"65";"2022-07-04 00:00:00.0";"0.00"
"695";"65";"2022-07-04 01:00:00.0";"0.00"
"718";"65";"2022-07-04 00:00:00.0";"0.00"
"718";"65";"2022-07-04 01:00:00.0";"0.00"
"718";"65";"2022-07-04 02:00:00.0";"0.00"
"684";"65";"2022-07-04 00:00:00.0";"0.00"
"752";"65";"2022-07-04 00:00:00.0";"0.00"
"752";"65";"2022-07-04 01:00:00.0";"0.00"
"752";"65";"2022-07-04 02:00:00.0";"0.00"
"752";"65";"2022-07-04 03:00:00.0";"0.00"
"725";"65";"2022-07-04 00:00:00.0";"0.00"
"725";"65";"2022-07-04 01:00:00.0";"0.00"
"725";"65";"2022-07-04 02:00:00.0";"0.00"
"748";"65";"2022-07-04 00:00:00.0";"0.00"
"748";"65";"2022-07-04 01:00:00.0";"0.00"
"748";"65";"2022-07-04 02:00:00.0";"0.00"
"748";"65";"2022-07-04 03:00:00.0";"0.00"
"693";"65";"2022-07-04 00:00:00.0";"0.00"
"693";"65";"2022-07-04 01:00:00.0";"0.00"
"693";"65";"2022-07-04 02:00:00.0";"0.00"
"690";"65";"2022-07-04 00:00:00.0";"0.00"
"706";"65";"2022-07-04 00:00:00.0";"0.00"
"706";"65";"2022-07-04 01:00:00.0";"0.00"
"763";"65";"2022-07-04 00:00:00.0";"0.00"
"763";"65";"2022-07-04 01:00:00.0";"0.00"
"763";"65";"2022-07-04 02:00:00.0";"0.00"
"763";"65";"2022-07-04 03:00:00.0";"0.00"
"700";"65";"2022-07-04 00:00:00.0";"0.00"
"700";"65";"2022-07-04 01:00:00.0";"0.00"
"712";"65";"2022-07-05 00:00:00.0";"0.00"
"712";"65";"2022-07-05 01:00:00.0";"0.00"
"712";"65";"2022-07-05 02:00:00.0";"0.00"
"745";"65";"2022-07-05 00:00:00.0";"0.00"
"745";"65";"2022-07-05 01:00:00.0";"0.00"
"745";"65";"2022-07-05 02:00:00.0";"0.00"
"745";"65";"2022-07-05 03:00:00.0";"0.00"
"740";"65";"2022-07-05 00:00:00.0";"0.00"
"743";"65";"2022-07-05 00:00:00.0";"0.00"
"743";"65";"2022-07-05 01:00:00.0";"0.00"
"743";"65";"2022-07-05 02:00:00.0";"0.00"
"743";"65";"2022-07-05 03:00:00.0";"0.00"
"729";"65";"2022-07-05 00:00:00.0";"0.00"
"729";"65";"2022-07-05 01:00:00.0";"0.00"
"729";"65";"2022-07-05 02:00:00.0";"0.00"
"728";"65";"2022-07-05 00:00:00.0";"0.00"
"728";"65";"2022-07-05 01:00:00.0";"0.00"
"728";"65";"2022-07-05 02:00:00.0";"0.00"
"694";"65";"2022-07-05 00:00:00.0";"0.00"
"694";"65";"2022-07-05 01:00:00.0";"0.00"
"711";"65";"2022-07-05 00:00:00.0";"0.00"
"711";"65";"2022-07-05 01:00:00.0";"0.00"
"739";"65";"2022-07-05 00:00:00.0";"0.00"
"739";"65";"2022-07-05 01:00:00.0";"0.00"
"739";"65";"2022-07-05 02:00:00.0";"0.00"
"739";"65";"2022-07-05 03:00:00.0";"0.00"
"754";"65";"2022-07-05 00:00:00.0";"0.00"
"754";"65";"2022-07-05 01:00:00.0";"0.00"
"754";"65";"2022-07-05 02:00:00.0";"0.00"
"754";"65";"2022-07-05 03:00:00.0";"0.00"
"754";"65";"2022-07-05 04:00:00.0";"0.00"
"698";"65";"2022-07-05 00:00:00.0";"0.00"
"698";"65";"2022-07-05 01:00:00.0";"0.00"
"722";"65";"2022-07-05 00:00:00.0";"0.00"
"722";"65";"2022-07-05 01:00:00.0";"0.00"
"722";"65";"2022-07-05 02:00:00.0";"0.00"
"724";"65";"2022-07-05 00:00:00.0";"0.00"
"724";"65";"2022-07-05 01:00:00.0";"0.00"
"724";"65";"2022-07-05 02:00:00.0";"0.00"
"734";"65";"2022-07-05 00:00:00.0";"0.00"
"734";"65";"2022-07-05 01:00:00.0";"0.00"
"734";"65";"2022-07-05 02:00:00.0";"0.00"
"685";"65";"2022-07-05 00:00:00.0";"0.00"
"710";"65";"2022-07-05 00:00:00.0";"0.00"
"710";"65";"2022-07-05 01:00:00.0";"0.00"
"713";"65";"2022-07-05 00:00:00.0";"0.00"
"713";"65";"2022-07-05 01:00:00.0";"0.00"
"755";"65";"2022-07-05 00:00:00.0";"0.00"
"755";"65";"2022-07-05 01:00:00.0";"0.00"
"755";"65";"2022-07-05 02:00:00.0";"0.00"
"755";"65";"2022-07-05 03:00:00.0";"0.00"
"755";"65";"2022-07-05 04:00:00.0";"0.00"
"683";"65";"2022-07-05 00:00:00.0";"0.00"
"703";"65";"2022-07-05 00:00:00.0";"0.00"
"703";"65";"2022-07-05 01:00:00.0";"0.00"
"709";"65";"2022-07-05 00:00:00.0";"0.00"
"730";"65";"2022-07-05 00:00:00.0";"0.00"
"723";"65";"2022-07-05 00:00:00.0";"0.00"
"723";"65";"2022-07-05 01:00:00.0";"0.00"
"723";"65";"2022-07-05 02:00:00.0";"0.00"
"721";"65";"2022-07-05 00:00:00.0";"0.00"
"721";"65";"2022-07-05 01:00:00.0";"0.00"
"721";"65";"2022-07-05 02:00:00.0";"0.00"
"715";"65";"2022-07-05 00:00:00.0";"0.00"
"715";"65";"2022-07-05 01:00:00.0";"0.00"
"715";"65";"2022-07-05 02:00:00.0";"0.00"
"716";"65";"2022-07-05 00:00:00.0";"0.00"
"716";"65";"2022-07-05 01:00:00.0";"0.00"
"716";"65";"2022-07-05 02:00:00.0";"0.00"
"727";"65";"2022-07-05 00:00:00.0";"0.00"
"727";"65";"2022-07-05 01:00:00.0";"0.00"
"727";"65";"2022-07-05 02:00:00.0";"0.00"
"689";"65";"2022-07-05 00:00:00.0";"0.00"
"689";"65";"2022-07-05 01:00:00.0";"0.00"
"708";"65";"2022-07-05 00:00:00.0";"0.00"
"708";"65";"2022-07-05 01:00:00.0";"0.00"
"749";"65";"2022-07-05 00:00:00.0";"0.00"
"749";"65";"2022-07-05 01:00:00.0";"0.00"
"749";"65";"2022-07-05 02:00:00.0";"0.00"
"749";"65";"2022-07-05 03:00:00.0";"0.00"
"751";"65";"2022-07-05 00:00:00.0";"0.00"
"751";"65";"2022-07-05 01:00:00.0";"0.00"
"751";"65";"2022-07-05 02:00:00.0";"0.00"
"751";"65";"2022-07-05 03:00:00.0";"0.00"
"756";"65";"2022-07-05 00:00:00.0";"0.00"
"756";"65";"2022-07-05 01:00:00.0";"0.00"
"756";"65";"2022-07-05 02:00:00.0";"0.00"
"756";"65";"2022-07-05 03:00:00.0";"0.00"
"756";"65";"2022-07-05 04:00:00.0";"0.00"
"686";"65";"2022-07-05 00:00:00.0";"0.00"
"687";"65";"2022-07-05 00:00:00.0";"0.00"
"696";"65";"2022-07-05 00:00:00.0";"0.00"
"696";"65";"2022-07-05 01:00:00.0";"0.00"
"701";"65";"2022-07-05 00:00:00.0";"0.00"
"701";"65";"2022-07-05 01:00:00.0";"0.00"
"705";"65";"2022-07-05 00:00:00.0";"0.00"
"705";"65";"2022-07-05 01:00:00.0";"0.00"
"731";"65";"2022-07-05 00:00:00.0";"0.00"
"747";"65";"2022-07-05 00:00:00.0";"0.00"
"733";"65";"2022-07-05 00:00:00.0";"0.00"
"733";"65";"2022-07-05 01:00:00.0";"0.00"
"733";"65";"2022-07-05 02:00:00.0";"0.00"
"736";"65";"2022-07-05 00:00:00.0";"0.00"
"736";"65";"2022-07-05 01:00:00.0";"0.00"
"736";"65";"2022-07-05 02:00:00.0";"0.00"
"736";"65";"2022-07-05 03:00:00.0";"0.00"
"717";"65";"2022-07-05 00:00:00.0";"0.00"
"717";"65";"2022-07-05 01:00:00.0";"0.00"
"717";"65";"2022-07-05 02:00:00.0";"0.00"
"744";"65";"2022-07-05 00:00:00.0";"0.00"
"744";"65";"2022-07-05 01:00:00.0";"0.00"
"744";"65";"2022-07-05 02:00:00.0";"0.00"
"744";"65";"2022-07-05 03:00:00.0";"0.00"
"738";"65";"2022-07-05 00:00:00.0";"0.00"
"738";"65";"2022-07-05 01:00:00.0";"0.00"
"738";"65";"2022-07-05 02:00:00.0";"0.00"
"750";"65";"2022-07-05 00:00:00.0";"0.00"
"750";"65";"2022-07-05 01:00:00.0";"0.00"
"750";"65";"2022-07-05 02:00:00.0";"0.00"
"750";"65";"2022-07-05 03:00:00.0";"0.00"
"753";"65";"2022-07-05 00:00:00.0";"0.00"
"753";"65";"2022-07-05 01:00:00.0";"0.00"
"753";"65";"2022-07-05 02:00:00.0";"0.00"
"753";"65";"2022-07-05 03:00:00.0";"0.00"
"746";"65";"2022-07-05 00:00:00.0";"0.00"
"746";"65";"2022-07-05 01:00:00.0";"0.00"
"746";"65";"2022-07-05 02:00:00.0";"0.00"
"746";"65";"2022-07-05 03:00:00.0";"0.00"
"697";"65";"2022-07-05 00:00:00.0";"0.00"
"697";"65";"2022-07-05 01:00:00.0";"0.00"
"695";"65";"2022-07-05 00:00:00.0";"0.00"
"695";"65";"2022-07-05 01:00:00.0";"0.00"
"718";"65";"2022-07-05 00:00:00.0";"0.00"
"718";"65";"2022-07-05 01:00:00.0";"0.00"
"718";"65";"2022-07-05 02:00:00.0";"0.00"
"684";"65";"2022-07-05 00:00:00.0";"0.00"
"752";"65";"2022-07-05 00:00:00.0";"0.00"
"752";"65";"2022-07-05 01:00:00.0";"0.00"
"752";"65";"2022-07-05 02:00:00.0";"0.00"
"752";"65";"2022-07-05 03:00:00.0";"0.00"
"725";"65";"2022-07-05 00:00:00.0";"0.00"
"725";"65";"2022-07-05 01:00:00.0";"0.00"
"725";"65";"2022-07-05 02:00:00.0";"0.00"
"748";"65";"2022-07-05 00:00:00.0";"0.00"
"748";"65";"2022-07-05 01:00:00.0";"0.00"
"748";"65";"2022-07-05 02:00:00.0";"0.00"
"748";"65";"2022-07-05 03:00:00.0";"0.00"
"693";"65";"2022-07-05 00:00:00.0";"0.00"
"693";"65";"2022-07-05 01:00:00.0";"0.00"
"690";"65";"2022-07-05 00:00:00.0";"0.00"
"706";"65";"2022-07-05 00:00:00.0";"0.00"
"706";"65";"2022-07-05 01:00:00.0";"0.00"
"700";"65";"2022-07-05 00:00:00.0";"0.00"
"700";"65";"2022-07-05 01:00:00.0";"0.00"
"712";"65";"2022-07-06 00:00:00.0";"0.00"
"712";"65";"2022-07-06 01:00:00.0";"0.00"
"745";"65";"2022-07-06 00:00:00.0";"0.00"
"745";"65";"2022-07-06 01:00:00.0";"0.00"
"745";"65";"2022-07-06 02:00:00.0";"0.00"
"745";"65";"2022-07-06 03:00:00.0";"0.00"
"740";"65";"2022-07-06 00:00:00.0";"0.00"
"743";"65";"2022-07-06 00:00:00.0";"0.00"
"743";"65";"2022-07-06 01:00:00.0";"0.00"
"743";"65";"2022-07-06 02:00:00.0";"0.00"
"1380";"65";"2022-07-06 00:00:00.0";"0.00"
"729";"65";"2022-07-06 00:00:00.0";"0.00"
"729";"65";"2022-07-06 01:00:00.0";"0.00"
"729";"65";"2022-07-06 02:00:00.0";"0.00"
"764";"65";"2022-07-06 00:00:00.0";"0.00"
"780";"65";"2022-07-06 00:00:00.0";"0.00"
"728";"65";"2022-07-06 00:00:00.0";"0.00"
"728";"65";"2022-07-06 01:00:00.0";"0.00"
"728";"65";"2022-07-06 02:00:00.0";"0.00"
"694";"65";"2022-07-06 00:00:00.0";"0.00"
"711";"65";"2022-07-06 00:00:00.0";"0.00"
"711";"65";"2022-07-06 01:00:00.0";"0.00"
"778";"65";"2022-07-06 00:00:00.0";"0.00"
"739";"65";"2022-07-06 00:00:00.0";"0.00"
"739";"65";"2022-07-06 01:00:00.0";"0.00"
"739";"65";"2022-07-06 02:00:00.0";"0.00"
"754";"65";"2022-07-06 00:00:00.0";"0.00"
"698";"65";"2022-07-06 00:00:00.0";"0.00"
"698";"65";"2022-07-06 01:00:00.0";"0.00"
"722";"65";"2022-07-06 00:00:00.0";"0.00"
"722";"65";"2022-07-06 01:00:00.0";"0.00"
"722";"65";"2022-07-06 02:00:00.0";"0.00"
"770";"65";"2022-07-06 00:00:00.0";"0.00"
"724";"65";"2022-07-06 00:00:00.0";"0.00"
"724";"65";"2022-07-06 01:00:00.0";"0.00"
"724";"65";"2022-07-06 02:00:00.0";"0.00"
"734";"65";"2022-07-06 00:00:00.0";"0.00"
"734";"65";"2022-07-06 01:00:00.0";"0.00"
"734";"65";"2022-07-06 02:00:00.0";"0.00"
"1424";"65";"2022-07-06 00:00:00.0";"0.00"
"685";"65";"2022-07-06 00:00:00.0";"0.00"
"710";"65";"2022-07-06 00:00:00.0";"0.00"
"710";"65";"2022-07-06 01:00:00.0";"0.00"
"713";"65";"2022-07-06 00:00:00.0";"0.00"
"713";"65";"2022-07-06 01:00:00.0";"0.00"
"766";"65";"2022-07-06 00:00:00.0";"0.00"
"774";"65";"2022-07-06 00:00:00.0";"0.00"
"1444";"65";"2022-07-06 00:00:00.0";"0.00"
"755";"65";"2022-07-06 00:00:00.0";"0.00"
"683";"65";"2022-07-06 00:00:00.0";"0.00"
"703";"65";"2022-07-06 00:00:00.0";"0.00"
"703";"65";"2022-07-06 01:00:00.0";"0.00"
"760";"65";"2022-07-06 00:00:00.0";"0.00"
"709";"65";"2022-07-06 00:00:00.0";"0.00"
"730";"65";"2022-07-06 00:00:00.0";"0.00"
"1386";"65";"2022-07-06 00:00:00.0";"0.00"
"723";"65";"2022-07-06 00:00:00.0";"0.00"
"723";"65";"2022-07-06 01:00:00.0";"0.00"
"723";"65";"2022-07-06 02:00:00.0";"0.00"
"721";"65";"2022-07-06 00:00:00.0";"0.00"
"721";"65";"2022-07-06 01:00:00.0";"0.00"
"758";"65";"2022-07-06 00:00:00.0";"0.00"
"775";"65";"2022-07-06 00:00:00.0";"0.00"
"715";"65";"2022-07-06 00:00:00.0";"0.00"
"715";"65";"2022-07-06 01:00:00.0";"0.00"
"716";"65";"2022-07-06 00:00:00.0";"0.00"
"716";"65";"2022-07-06 01:00:00.0";"0.00"
"716";"65";"2022-07-06 02:00:00.0";"0.00"
"727";"65";"2022-07-06 00:00:00.0";"0.00"
"727";"65";"2022-07-06 01:00:00.0";"0.00"
"727";"65";"2022-07-06 02:00:00.0";"0.00"
"689";"65";"2022-07-06 00:00:00.0";"0.00"
"708";"65";"2022-07-06 00:00:00.0";"0.00"
"708";"65";"2022-07-06 01:00:00.0";"0.00"
"749";"65";"2022-07-06 00:00:00.0";"0.00"
"1384";"65";"2022-07-06 00:00:00.0";"0.00"
"777";"65";"2022-07-06 00:00:00.0";"0.00"
"1385";"65";"2022-07-06 00:00:00.0";"0.00"
"751";"65";"2022-07-06 00:00:00.0";"0.00"
"756";"65";"2022-07-06 00:00:00.0";"0.00"
"757";"65";"2022-07-06 00:00:00.0";"0.00"
"686";"65";"2022-07-06 00:00:00.0";"0.00"
"687";"65";"2022-07-06 00:00:00.0";"0.00"
"696";"65";"2022-07-06 00:00:00.0";"0.00"
"696";"65";"2022-07-06 01:00:00.0";"0.00"
"701";"65";"2022-07-06 00:00:00.0";"0.00"
"701";"65";"2022-07-06 01:00:00.0";"0.00"
"705";"65";"2022-07-06 00:00:00.0";"0.00"
"705";"65";"2022-07-06 01:00:00.0";"0.00"
"731";"65";"2022-07-06 00:00:00.0";"0.00"
"747";"65";"2022-07-06 00:00:00.0";"0.00"
"733";"65";"2022-07-06 00:00:00.0";"0.00"
"733";"65";"2022-07-06 01:00:00.0";"0.00"
"733";"65";"2022-07-06 02:00:00.0";"0.00"
"736";"65";"2022-07-06 00:00:00.0";"0.00"
"736";"65";"2022-07-06 01:00:00.0";"0.00"
"736";"65";"2022-07-06 02:00:00.0";"0.00"
"1382";"65";"2022-07-06 00:00:00.0";"0.00"
"717";"65";"2022-07-06 00:00:00.0";"0.00"
"717";"65";"2022-07-06 01:00:00.0";"0.00"
"717";"65";"2022-07-06 02:00:00.0";"0.00"
"744";"65";"2022-07-06 00:00:00.0";"0.00"
"744";"65";"2022-07-06 01:00:00.0";"0.00"
"744";"65";"2022-07-06 02:00:00.0";"0.00"
"744";"65";"2022-07-06 03:00:00.0";"0.00"
"738";"65";"2022-07-06 00:00:00.0";"0.00"
"738";"65";"2022-07-06 01:00:00.0";"0.00"
"738";"65";"2022-07-06 02:00:00.0";"0.00"
"750";"65";"2022-07-06 00:00:00.0";"0.00"
"753";"65";"2022-07-06 00:00:00.0";"0.00"
"761";"65";"2022-07-06 00:00:00.0";"0.00"
"765";"65";"2022-07-06 00:00:00.0";"0.00"
"767";"65";"2022-07-06 00:00:00.0";"0.00"
"769";"65";"2022-07-06 00:00:00.0";"0.00"
"779";"65";"2022-07-06 00:00:00.0";"0.00"
"1383";"65";"2022-07-06 00:00:00.0";"0.00"
"772";"65";"2022-07-06 00:00:00.0";"0.00"
"773";"65";"2022-07-06 00:00:00.0";"0.00"
"746";"65";"2022-07-06 00:00:00.0";"0.00"
"746";"65";"2022-07-06 01:00:00.0";"0.00"
"746";"65";"2022-07-06 02:00:00.0";"0.00"
"746";"65";"2022-07-06 03:00:00.0";"0.00"
"697";"65";"2022-07-06 00:00:00.0";"0.00"
"697";"65";"2022-07-06 01:00:00.0";"0.00"
"695";"65";"2022-07-06 00:00:00.0";"0.00"
"695";"65";"2022-07-06 01:00:00.0";"0.00"
"707";"65";"2022-07-06 00:00:00.0";"0.00"
"707";"65";"2022-07-06 01:00:00.0";"0.00"
"718";"65";"2022-07-06 00:00:00.0";"0.00"
"718";"65";"2022-07-06 01:00:00.0";"0.00"
"718";"65";"2022-07-06 02:00:00.0";"0.00"
"684";"65";"2022-07-06 00:00:00.0";"0.00"
"752";"65";"2022-07-06 00:00:00.0";"0.00"
"1381";"65";"2022-07-06 00:00:00.0";"0.00"
"725";"65";"2022-07-06 00:00:00.0";"0.00"
"725";"65";"2022-07-06 01:00:00.0";"0.00"
"725";"65";"2022-07-06 02:00:00.0";"0.00"
"748";"65";"2022-07-06 00:00:00.0";"0.00"
"693";"65";"2022-07-06 00:00:00.0";"0.00"
"693";"65";"2022-07-06 01:00:00.0";"0.00"
"690";"65";"2022-07-06 00:00:00.0";"0.00"
"690";"65";"2022-07-06 01:00:00.0";"0.00"
"706";"65";"2022-07-06 00:00:00.0";"0.00"
"706";"65";"2022-07-06 01:00:00.0";"0.00"
"763";"65";"2022-07-06 00:00:00.0";"0.00"
"776";"65";"2022-07-06 00:00:00.0";"0.00"
"700";"65";"2022-07-06 00:00:00.0";"0.00"
"700";"65";"2022-07-06 01:00:00.0";"0.00"
"712";"65";"2022-07-07 00:00:00.0";"0.00"
"712";"65";"2022-07-07 01:00:00.0";"0.00"
"712";"65";"2022-07-07 02:00:00.0";"0.00"
"745";"65";"2022-07-07 00:00:00.0";"0.00"
"740";"65";"2022-07-07 00:00:00.0";"0.00"
"743";"65";"2022-07-07 00:00:00.0";"0.00"
"1380";"65";"2022-07-07 00:00:00.0";"0.00"
"729";"65";"2022-07-07 00:00:00.0";"0.00"
"729";"65";"2022-07-07 01:00:00.0";"0.00"
"729";"65";"2022-07-07 02:00:00.0";"0.00"
"764";"65";"2022-07-07 00:00:00.0";"0.00"
"780";"65";"2022-07-07 00:00:00.0";"0.00"
"728";"65";"2022-07-07 00:00:00.0";"0.00"
"728";"65";"2022-07-07 01:00:00.0";"0.00"
"728";"65";"2022-07-07 02:00:00.0";"0.00"
"694";"65";"2022-07-07 00:00:00.0";"0.00"
"694";"65";"2022-07-07 01:00:00.0";"0.00"
"711";"65";"2022-07-07 00:00:00.0";"0.00"
"711";"65";"2022-07-07 01:00:00.0";"0.00"
"778";"65";"2022-07-07 00:00:00.0";"0.00"
"739";"65";"2022-07-07 00:00:00.0";"0.00"
"739";"65";"2022-07-07 01:00:00.0";"0.00"
"739";"65";"2022-07-07 02:00:00.0";"0.00"
"739";"65";"2022-07-07 03:00:00.0";"0.00"
"754";"65";"2022-07-07 00:00:00.0";"0.00"
"698";"65";"2022-07-07 00:00:00.0";"0.00"
"698";"65";"2022-07-07 01:00:00.0";"0.00"
"722";"65";"2022-07-07 00:00:00.0";"0.00"
"722";"65";"2022-07-07 01:00:00.0";"0.00"
"722";"65";"2022-07-07 02:00:00.0";"0.00"
"770";"65";"2022-07-07 00:00:00.0";"0.00"
"724";"65";"2022-07-07 00:00:00.0";"0.00"
"724";"65";"2022-07-07 01:00:00.0";"0.00"
"724";"65";"2022-07-07 02:00:00.0";"0.00"
"734";"65";"2022-07-07 00:00:00.0";"0.00"
"734";"65";"2022-07-07 01:00:00.0";"0.00"
"734";"65";"2022-07-07 02:00:00.0";"0.00"
"1424";"65";"2022-07-07 00:00:00.0";"0.00"
"685";"65";"2022-07-07 00:00:00.0";"0.00"
"710";"65";"2022-07-07 00:00:00.0";"0.00"
"710";"65";"2022-07-07 01:00:00.0";"0.00"
"710";"65";"2022-07-07 02:00:00.0";"0.00"
"713";"65";"2022-07-07 00:00:00.0";"0.00"
"713";"65";"2022-07-07 01:00:00.0";"0.00"
"713";"65";"2022-07-07 02:00:00.0";"0.00"
"766";"65";"2022-07-07 00:00:00.0";"0.00"
"774";"65";"2022-07-07 00:00:00.0";"0.00"
"1444";"65";"2022-07-07 00:00:00.0";"0.00"
"755";"65";"2022-07-07 00:00:00.0";"0.00"
"683";"65";"2022-07-07 00:00:00.0";"0.00"
"703";"65";"2022-07-07 00:00:00.0";"0.00"
"703";"65";"2022-07-07 01:00:00.0";"0.00"
"760";"65";"2022-07-07 00:00:00.0";"0.00"
"709";"65";"2022-07-07 00:00:00.0";"0.00"
"730";"65";"2022-07-07 00:00:00.0";"0.00"
"1386";"65";"2022-07-07 00:00:00.0";"0.00"
"723";"65";"2022-07-07 00:00:00.0";"0.00"
"723";"65";"2022-07-07 01:00:00.0";"0.00"
"723";"65";"2022-07-07 02:00:00.0";"0.00"
"721";"65";"2022-07-07 00:00:00.0";"0.00"
"721";"65";"2022-07-07 01:00:00.0";"0.00"
"721";"65";"2022-07-07 02:00:00.0";"0.00"
"758";"65";"2022-07-07 00:00:00.0";"0.00"
"775";"65";"2022-07-07 00:00:00.0";"0.00"
"715";"65";"2022-07-07 00:00:00.0";"0.00"
"715";"65";"2022-07-07 01:00:00.0";"0.00"
"715";"65";"2022-07-07 02:00:00.0";"0.00"
"716";"65";"2022-07-07 00:00:00.0";"0.00"
"716";"65";"2022-07-07 01:00:00.0";"0.00"
"716";"65";"2022-07-07 02:00:00.0";"0.00"
"727";"65";"2022-07-07 00:00:00.0";"0.00"
"727";"65";"2022-07-07 01:00:00.0";"0.00"
"727";"65";"2022-07-07 02:00:00.0";"0.00"
"689";"65";"2022-07-07 00:00:00.0";"0.00"
"689";"65";"2022-07-07 01:00:00.0";"0.00"
"708";"65";"2022-07-07 00:00:00.0";"0.00"
"708";"65";"2022-07-07 01:00:00.0";"0.00"
"749";"65";"2022-07-07 00:00:00.0";"0.00"
"1384";"65";"2022-07-07 00:00:00.0";"0.00"
"777";"65";"2022-07-07 00:00:00.0";"0.00"
"1385";"65";"2022-07-07 00:00:00.0";"0.00"
"751";"65";"2022-07-07 00:00:00.0";"0.00"
"756";"65";"2022-07-07 00:00:00.0";"0.00"
"757";"65";"2022-07-07 00:00:00.0";"0.00"
"686";"65";"2022-07-07 00:00:00.0";"0.00"
"686";"65";"2022-07-07 01:00:00.0";"0.00"
"687";"65";"2022-07-07 00:00:00.0";"0.00"
"696";"65";"2022-07-07 00:00:00.0";"0.00"
"696";"65";"2022-07-07 01:00:00.0";"0.00"
"701";"65";"2022-07-07 00:00:00.0";"0.00"
"701";"65";"2022-07-07 01:00:00.0";"0.00"
"705";"65";"2022-07-07 00:00:00.0";"0.00"
"705";"65";"2022-07-07 01:00:00.0";"0.00"
"731";"65";"2022-07-07 00:00:00.0";"0.00"
"747";"65";"2022-07-07 00:00:00.0";"0.00"
"733";"65";"2022-07-07 00:00:00.0";"0.00"
"733";"65";"2022-07-07 01:00:00.0";"0.00"
"733";"65";"2022-07-07 02:00:00.0";"0.00"
"736";"65";"2022-07-07 00:00:00.0";"0.00"
"736";"65";"2022-07-07 01:00:00.0";"0.00"
"736";"65";"2022-07-07 02:00:00.0";"0.00"
"736";"65";"2022-07-07 03:00:00.0";"0.00"
"1382";"65";"2022-07-07 00:00:00.0";"0.00"
"717";"65";"2022-07-07 00:00:00.0";"0.00"
"717";"65";"2022-07-07 01:00:00.0";"0.00"
"717";"65";"2022-07-07 02:00:00.0";"0.00"
"744";"65";"2022-07-07 00:00:00.0";"0.00"
"738";"65";"2022-07-07 00:00:00.0";"0.00"
"738";"65";"2022-07-07 01:00:00.0";"0.00"
"738";"65";"2022-07-07 02:00:00.0";"0.00"
"738";"65";"2022-07-07 03:00:00.0";"0.00"
"750";"65";"2022-07-07 00:00:00.0";"0.00"
"753";"65";"2022-07-07 00:00:00.0";"0.00"
"761";"65";"2022-07-07 00:00:00.0";"0.00"
"765";"65";"2022-07-07 00:00:00.0";"0.00"
"767";"65";"2022-07-07 00:00:00.0";"0.00"
"769";"65";"2022-07-07 00:00:00.0";"0.00"
"779";"65";"2022-07-07 00:00:00.0";"0.00"
"1383";"65";"2022-07-07 00:00:00.0";"0.00"
"772";"65";"2022-07-07 00:00:00.0";"0.00"
"773";"65";"2022-07-07 00:00:00.0";"0.00"
"746";"65";"2022-07-07 00:00:00.0";"0.00"
"697";"65";"2022-07-07 00:00:00.0";"0.00"
"697";"65";"2022-07-07 01:00:00.0";"0.00"
"695";"65";"2022-07-07 00:00:00.0";"0.00"
"695";"65";"2022-07-07 01:00:00.0";"0.00"
"707";"65";"2022-07-07 00:00:00.0";"0.00"
"707";"65";"2022-07-07 01:00:00.0";"0.00"
"718";"65";"2022-07-07 00:00:00.0";"0.00"
"718";"65";"2022-07-07 01:00:00.0";"0.00"
"718";"65";"2022-07-07 02:00:00.0";"0.00"
"684";"65";"2022-07-07 00:00:00.0";"0.00"
"752";"65";"2022-07-07 00:00:00.0";"0.00"
"1381";"65";"2022-07-07 00:00:00.0";"0.00"
"725";"65";"2022-07-07 00:00:00.0";"0.00"
"725";"65";"2022-07-07 01:00:00.0";"0.00"
"725";"65";"2022-07-07 02:00:00.0";"0.00"
"748";"65";"2022-07-07 00:00:00.0";"0.00"
"693";"65";"2022-07-07 00:00:00.0";"0.00"
"693";"65";"2022-07-07 01:00:00.0";"0.00"
"690";"65";"2022-07-07 00:00:00.0";"0.00"
"690";"65";"2022-07-07 01:00:00.0";"0.00"
"706";"65";"2022-07-07 00:00:00.0";"0.00"
"706";"65";"2022-07-07 01:00:00.0";"0.00"
"763";"65";"2022-07-07 00:00:00.0";"0.00"
"776";"65";"2022-07-07 00:00:00.0";"0.00"
"1404";"65";"2022-07-07 00:00:00.0";"0.00"
"712";"65";"2022-07-08 00:00:00.0";"0.00"
"712";"65";"2022-07-08 01:00:00.0";"0.00"
"712";"65";"2022-07-08 02:00:00.0";"0.00"
"745";"65";"2022-07-08 00:00:00.0";"0.00"
"745";"65";"2022-07-08 01:00:00.0";"0.00"
"745";"65";"2022-07-08 02:00:00.0";"0.00"
"745";"65";"2022-07-08 03:00:00.0";"0.00"
"740";"65";"2022-07-08 00:00:00.0";"0.00"
"743";"65";"2022-07-08 00:00:00.0";"0.00"
"743";"65";"2022-07-08 01:00:00.0";"0.00"
"743";"65";"2022-07-08 02:00:00.0";"0.00"
"743";"65";"2022-07-08 03:00:00.0";"0.00"
"1380";"65";"2022-07-08 00:00:00.0";"0.00"
"729";"65";"2022-07-08 00:00:00.0";"0.00"
"729";"65";"2022-07-08 01:00:00.0";"0.00"
"729";"65";"2022-07-08 02:00:00.0";"0.00"
"764";"65";"2022-07-08 00:00:00.0";"0.00"
"780";"65";"2022-07-08 00:00:00.0";"0.00"
"728";"65";"2022-07-08 00:00:00.0";"0.00"
"728";"65";"2022-07-08 01:00:00.0";"0.00"
"728";"65";"2022-07-08 02:00:00.0";"0.00"
"694";"65";"2022-07-08 00:00:00.0";"0.00"
"694";"65";"2022-07-08 01:00:00.0";"0.00"
"711";"65";"2022-07-08 00:00:00.0";"0.00"
"711";"65";"2022-07-08 01:00:00.0";"0.00"
"778";"65";"2022-07-08 00:00:00.0";"0.00"
"739";"65";"2022-07-08 00:00:00.0";"0.00"
"739";"65";"2022-07-08 01:00:00.0";"0.00"
"739";"65";"2022-07-08 02:00:00.0";"0.00"
"754";"65";"2022-07-08 00:00:00.0";"0.00"
"698";"65";"2022-07-08 00:00:00.0";"0.00"
"698";"65";"2022-07-08 01:00:00.0";"0.00"
"722";"65";"2022-07-08 00:00:00.0";"0.00"
"722";"65";"2022-07-08 01:00:00.0";"0.00"
"722";"65";"2022-07-08 02:00:00.0";"0.00"
"770";"65";"2022-07-08 00:00:00.0";"0.00"
"724";"65";"2022-07-08 00:00:00.0";"0.00"
"724";"65";"2022-07-08 01:00:00.0";"0.00"
"724";"65";"2022-07-08 02:00:00.0";"0.00"
"734";"65";"2022-07-08 00:00:00.0";"0.00"
"734";"65";"2022-07-08 01:00:00.0";"0.00"
"734";"65";"2022-07-08 02:00:00.0";"0.00"
"1424";"65";"2022-07-08 00:00:00.0";"0.00"
"685";"65";"2022-07-08 00:00:00.0";"0.00"
"710";"65";"2022-07-08 00:00:00.0";"0.00"
"710";"65";"2022-07-08 01:00:00.0";"0.00"
"713";"65";"2022-07-08 00:00:00.0";"0.00"
"713";"65";"2022-07-08 01:00:00.0";"0.00"
"713";"65";"2022-07-08 02:00:00.0";"0.00"
"766";"65";"2022-07-08 00:00:00.0";"0.00"
"774";"65";"2022-07-08 00:00:00.0";"0.00"
"1444";"65";"2022-07-08 00:00:00.0";"0.00"
"755";"65";"2022-07-08 00:00:00.0";"0.00"
"683";"65";"2022-07-08 00:00:00.0";"0.00"
"703";"65";"2022-07-08 00:00:00.0";"0.00"
"703";"65";"2022-07-08 01:00:00.0";"0.00"
"760";"65";"2022-07-08 00:00:00.0";"0.00"
"709";"65";"2022-07-08 00:00:00.0";"0.00"
"730";"65";"2022-07-08 00:00:00.0";"0.00"
"1386";"65";"2022-07-08 00:00:00.0";"0.00"
"723";"65";"2022-07-08 00:00:00.0";"0.00"
"723";"65";"2022-07-08 01:00:00.0";"0.00"
"723";"65";"2022-07-08 02:00:00.0";"0.00"
"721";"65";"2022-07-08 00:00:00.0";"0.00"
"721";"65";"2022-07-08 01:00:00.0";"0.00"
"721";"65";"2022-07-08 02:00:00.0";"0.00"
"758";"65";"2022-07-08 00:00:00.0";"0.00"
"775";"65";"2022-07-08 00:00:00.0";"0.00"
"715";"65";"2022-07-08 00:00:00.0";"0.00"
"715";"65";"2022-07-08 01:00:00.0";"0.00"
"716";"65";"2022-07-08 00:00:00.0";"0.00"
"716";"65";"2022-07-08 01:00:00.0";"0.00"
"716";"65";"2022-07-08 02:00:00.0";"0.00"
"727";"65";"2022-07-08 00:00:00.0";"0.00"
"727";"65";"2022-07-08 01:00:00.0";"0.00"
"727";"65";"2022-07-08 02:00:00.0";"0.00"
"689";"65";"2022-07-08 00:00:00.0";"0.00"
"689";"65";"2022-07-08 01:00:00.0";"0.00"
"708";"65";"2022-07-08 00:00:00.0";"0.00"
"708";"65";"2022-07-08 01:00:00.0";"0.00"
"749";"65";"2022-07-08 00:00:00.0";"0.00"
"749";"65";"2022-07-08 01:00:00.0";"0.00"
"749";"65";"2022-07-08 02:00:00.0";"0.00"
"749";"65";"2022-07-08 03:00:00.0";"0.00"
"1384";"65";"2022-07-08 00:00:00.0";"0.00"
"777";"65";"2022-07-08 00:00:00.0";"0.00"
"1385";"65";"2022-07-08 00:00:00.0";"0.00"
"751";"65";"2022-07-08 00:00:00.0";"0.00"
"756";"65";"2022-07-08 00:00:00.0";"0.00"
"757";"65";"2022-07-08 00:00:00.0";"0.00"
"686";"65";"2022-07-08 00:00:00.0";"0.00"
"687";"65";"2022-07-08 00:00:00.0";"0.00"
"696";"65";"2022-07-08 00:00:00.0";"0.00"
"696";"65";"2022-07-08 01:00:00.0";"0.00"
"701";"65";"2022-07-08 00:00:00.0";"0.00"
"701";"65";"2022-07-08 01:00:00.0";"0.00"
"705";"65";"2022-07-08 00:00:00.0";"0.00"
"705";"65";"2022-07-08 01:00:00.0";"0.00"
"731";"65";"2022-07-08 00:00:00.0";"0.00"
"747";"65";"2022-07-08 00:00:00.0";"0.00"
"733";"65";"2022-07-08 00:00:00.0";"0.00"
"733";"65";"2022-07-08 01:00:00.0";"0.00"
"733";"65";"2022-07-08 02:00:00.0";"0.00"
"733";"65";"2022-07-08 03:00:00.0";"0.00"
"736";"65";"2022-07-08 00:00:00.0";"0.00"
"736";"65";"2022-07-08 01:00:00.0";"0.00"
"736";"65";"2022-07-08 02:00:00.0";"0.00"
"1382";"65";"2022-07-08 00:00:00.0";"0.00"
"742";"65";"2022-07-08 00:00:00.0";"0.00"
"742";"65";"2022-07-08 01:00:00.0";"0.00"
"742";"65";"2022-07-08 02:00:00.0";"0.00"
"742";"65";"2022-07-08 03:00:00.0";"0.00"
"742";"65";"2022-07-08 04:00:00.0";"0.00"
"717";"65";"2022-07-08 00:00:00.0";"0.00"
"717";"65";"2022-07-08 01:00:00.0";"0.00"
"717";"65";"2022-07-08 02:00:00.0";"0.00"
"744";"65";"2022-07-08 00:00:00.0";"0.00"
"744";"65";"2022-07-08 01:00:00.0";"0.00"
"744";"65";"2022-07-08 02:00:00.0";"0.00"
"744";"65";"2022-07-08 03:00:00.0";"0.00"
"738";"65";"2022-07-08 00:00:00.0";"0.00"
"738";"65";"2022-07-08 01:00:00.0";"0.00"
"738";"65";"2022-07-08 02:00:00.0";"0.00"
"750";"65";"2022-07-08 00:00:00.0";"0.00"
"753";"65";"2022-07-08 00:00:00.0";"0.00"
"761";"65";"2022-07-08 00:00:00.0";"0.00"
"765";"65";"2022-07-08 00:00:00.0";"0.00"
"767";"65";"2022-07-08 00:00:00.0";"0.00"
"769";"65";"2022-07-08 00:00:00.0";"0.00"
"779";"65";"2022-07-08 00:00:00.0";"0.00"
"1383";"65";"2022-07-08 00:00:00.0";"0.00"
"772";"65";"2022-07-08 00:00:00.0";"0.00"
"773";"65";"2022-07-08 00:00:00.0";"0.00"
"746";"65";"2022-07-08 00:00:00.0";"0.00"
"746";"65";"2022-07-08 01:00:00.0";"0.00"
"746";"65";"2022-07-08 02:00:00.0";"0.00"
"746";"65";"2022-07-08 03:00:00.0";"0.00"
"697";"65";"2022-07-08 00:00:00.0";"0.00"
"697";"65";"2022-07-08 01:00:00.0";"0.00"
"695";"65";"2022-07-08 00:00:00.0";"0.00"
"695";"65";"2022-07-08 01:00:00.0";"0.00"
"707";"65";"2022-07-08 00:00:00.0";"0.00"
"707";"65";"2022-07-08 01:00:00.0";"0.00"
"718";"65";"2022-07-08 00:00:00.0";"0.00"
"718";"65";"2022-07-08 01:00:00.0";"0.00"
"718";"65";"2022-07-08 02:00:00.0";"0.00"
"684";"65";"2022-07-08 00:00:00.0";"0.00"
"752";"65";"2022-07-08 00:00:00.0";"0.00"
"1381";"65";"2022-07-08 00:00:00.0";"0.00"
"725";"65";"2022-07-08 00:00:00.0";"0.00"
"725";"65";"2022-07-08 01:00:00.0";"0.00"
"725";"65";"2022-07-08 02:00:00.0";"0.00"
"748";"65";"2022-07-08 00:00:00.0";"0.00"
"748";"65";"2022-07-08 01:00:00.0";"0.00"
"748";"65";"2022-07-08 02:00:00.0";"0.00"
"748";"65";"2022-07-08 03:00:00.0";"0.00"
"693";"65";"2022-07-08 00:00:00.0";"0.00"
"693";"65";"2022-07-08 01:00:00.0";"0.00"
"706";"65";"2022-07-08 00:00:00.0";"0.00"
"706";"65";"2022-07-08 01:00:00.0";"0.00"
"763";"65";"2022-07-08 00:00:00.0";"0.00"
"776";"65";"2022-07-08 00:00:00.0";"0.00"
"1404";"65";"2022-07-08 00:00:00.0";"0.00"
"712";"65";"2022-07-09 00:00:00.0";"0.00"
"712";"65";"2022-07-09 01:00:00.0";"0.00"
"745";"65";"2022-07-09 00:00:00.0";"0.00"
"745";"65";"2022-07-09 01:00:00.0";"0.00"
"745";"65";"2022-07-09 02:00:00.0";"0.00"
"745";"65";"2022-07-09 03:00:00.0";"0.00"
"740";"65";"2022-07-09 00:00:00.0";"0.00"
"743";"65";"2022-07-09 00:00:00.0";"0.00"
"743";"65";"2022-07-09 01:00:00.0";"0.00"
"743";"65";"2022-07-09 02:00:00.0";"0.00"
"743";"65";"2022-07-09 03:00:00.0";"0.00"
"729";"65";"2022-07-09 00:00:00.0";"0.00"
"729";"65";"2022-07-09 01:00:00.0";"0.00"
"729";"65";"2022-07-09 02:00:00.0";"0.00"
"728";"65";"2022-07-09 00:00:00.0";"0.00"
"728";"65";"2022-07-09 01:00:00.0";"0.00"
"728";"65";"2022-07-09 02:00:00.0";"0.00"
"694";"65";"2022-07-09 00:00:00.0";"0.00"
"694";"65";"2022-07-09 01:00:00.0";"0.00"
"711";"65";"2022-07-09 00:00:00.0";"0.00"
"711";"65";"2022-07-09 01:00:00.0";"0.00"
"739";"65";"2022-07-09 00:00:00.0";"0.00"
"739";"65";"2022-07-09 01:00:00.0";"0.00"
"739";"65";"2022-07-09 02:00:00.0";"0.00"
"739";"65";"2022-07-09 03:00:00.0";"0.00"
"698";"65";"2022-07-09 00:00:00.0";"0.00"
"698";"65";"2022-07-09 01:00:00.0";"0.00"
"722";"65";"2022-07-09 00:00:00.0";"0.00"
"722";"65";"2022-07-09 01:00:00.0";"0.00"
"722";"65";"2022-07-09 02:00:00.0";"0.00"
"734";"65";"2022-07-09 00:00:00.0";"0.00"
"734";"65";"2022-07-09 01:00:00.0";"0.00"
"734";"65";"2022-07-09 02:00:00.0";"0.00"
"685";"65";"2022-07-09 00:00:00.0";"0.00"
"710";"65";"2022-07-09 00:00:00.0";"0.00"
"710";"65";"2022-07-09 01:00:00.0";"0.00"
"713";"65";"2022-07-09 00:00:00.0";"0.00"
"713";"65";"2022-07-09 01:00:00.0";"0.00"
"713";"65";"2022-07-09 02:00:00.0";"0.00"
"683";"65";"2022-07-09 00:00:00.0";"0.00"
"703";"65";"2022-07-09 00:00:00.0";"0.20"
"703";"65";"2022-07-09 01:00:00.0";"0.00"
"709";"65";"2022-07-09 00:00:00.0";"0.00"
"730";"65";"2022-07-09 00:00:00.0";"0.00"
"723";"65";"2022-07-09 00:00:00.0";"0.00"
"723";"65";"2022-07-09 01:00:00.0";"0.00"
"723";"65";"2022-07-09 02:00:00.0";"0.00"
"721";"65";"2022-07-09 00:00:00.0";"0.00"
"721";"65";"2022-07-09 01:00:00.0";"0.00"
"721";"65";"2022-07-09 02:00:00.0";"0.00"
"715";"65";"2022-07-09 00:00:00.0";"0.00"
"715";"65";"2022-07-09 01:00:00.0";"0.00"
"715";"65";"2022-07-09 02:00:00.0";"0.00"
"716";"65";"2022-07-09 00:00:00.0";"0.00"
"716";"65";"2022-07-09 01:00:00.0";"0.00"
"716";"65";"2022-07-09 02:00:00.0";"0.00"
"727";"65";"2022-07-09 00:00:00.0";"0.00"
"727";"65";"2022-07-09 01:00:00.0";"0.00"
"727";"65";"2022-07-09 02:00:00.0";"0.00"
"689";"65";"2022-07-09 00:00:00.0";"0.00"
"689";"65";"2022-07-09 01:00:00.0";"0.00"
"708";"65";"2022-07-09 00:00:00.0";"0.00"
"708";"65";"2022-07-09 01:00:00.0";"0.00"
"686";"65";"2022-07-09 00:00:00.0";"0.00"
"686";"65";"2022-07-09 01:00:00.0";"0.00"
"687";"65";"2022-07-09 00:00:00.0";"0.00"
"696";"65";"2022-07-09 00:00:00.0";"0.00"
"696";"65";"2022-07-09 01:00:00.0";"0.00"
"701";"65";"2022-07-09 00:00:00.0";"0.00"
"701";"65";"2022-07-09 01:00:00.0";"0.00"
"705";"65";"2022-07-09 00:00:00.0";"0.00"
"705";"65";"2022-07-09 01:00:00.0";"0.00"
"731";"65";"2022-07-09 00:00:00.0";"0.00"
"733";"65";"2022-07-09 00:00:00.0";"0.00"
"733";"65";"2022-07-09 01:00:00.0";"0.00"
"733";"65";"2022-07-09 02:00:00.0";"0.00"
"733";"65";"2022-07-09 03:00:00.0";"0.00"
"736";"65";"2022-07-09 00:00:00.0";"0.00"
"736";"65";"2022-07-09 01:00:00.0";"0.00"
"736";"65";"2022-07-09 02:00:00.0";"0.00"
"736";"65";"2022-07-09 03:00:00.0";"0.00"
"717";"65";"2022-07-09 00:00:00.0";"0.00"
"717";"65";"2022-07-09 01:00:00.0";"0.00"
"717";"65";"2022-07-09 02:00:00.0";"0.00"
"744";"65";"2022-07-09 00:00:00.0";"0.00"
"744";"65";"2022-07-09 01:00:00.0";"0.00"
"744";"65";"2022-07-09 02:00:00.0";"0.00"
"744";"65";"2022-07-09 03:00:00.0";"0.00"
"738";"65";"2022-07-09 00:00:00.0";"0.00"
"738";"65";"2022-07-09 01:00:00.0";"0.00"
"738";"65";"2022-07-09 02:00:00.0";"0.00"
"746";"65";"2022-07-09 00:00:00.0";"0.00"
"746";"65";"2022-07-09 01:00:00.0";"0.00"
"746";"65";"2022-07-09 02:00:00.0";"0.00"
"746";"65";"2022-07-09 03:00:00.0";"0.00"
"697";"65";"2022-07-09 00:00:00.0";"0.00"
"697";"65";"2022-07-09 01:00:00.0";"0.00"
"695";"65";"2022-07-09 00:00:00.0";"0.00"
"695";"65";"2022-07-09 01:00:00.0";"0.00"
"707";"65";"2022-07-09 00:00:00.0";"0.00"
"707";"65";"2022-07-09 01:00:00.0";"0.00"
"718";"65";"2022-07-09 00:00:00.0";"0.00"
"718";"65";"2022-07-09 01:00:00.0";"0.00"
"718";"65";"2022-07-09 02:00:00.0";"0.00"
"684";"65";"2022-07-09 00:00:00.0";"0.00"
"725";"65";"2022-07-09 00:00:00.0";"0.00"
"725";"65";"2022-07-09 01:00:00.0";"0.00"
"725";"65";"2022-07-09 02:00:00.0";"0.00"
"693";"65";"2022-07-09 00:00:00.0";"0.00"
"693";"65";"2022-07-09 01:00:00.0";"0.00"
"706";"65";"2022-07-09 00:00:00.0";"0.00"
"706";"65";"2022-07-09 01:00:00.0";"0.00"
"712";"65";"2022-07-10 00:00:00.0";"0.00"
"712";"65";"2022-07-10 01:00:00.0";"0.00"
"712";"65";"2022-07-10 02:00:00.0";"0.00"
"745";"65";"2022-07-10 00:00:00.0";"0.00"
"745";"65";"2022-07-10 01:00:00.0";"0.00"
"745";"65";"2022-07-10 02:00:00.0";"0.00"
"745";"65";"2022-07-10 03:00:00.0";"0.00"
"740";"65";"2022-07-10 00:00:00.0";"0.00"
"743";"65";"2022-07-10 00:00:00.0";"0.00"
"743";"65";"2022-07-10 01:00:00.0";"0.00"
"743";"65";"2022-07-10 02:00:00.0";"0.00"
"743";"65";"2022-07-10 03:00:00.0";"0.00"
"1380";"65";"2022-07-10 00:00:00.0";"0.00"
"729";"65";"2022-07-10 00:00:00.0";"0.00"
"729";"65";"2022-07-10 01:00:00.0";"0.00"
"729";"65";"2022-07-10 02:00:00.0";"0.00"
"764";"65";"2022-07-10 00:00:00.0";"0.00"
"780";"65";"2022-07-10 00:00:00.0";"0.00"
"728";"65";"2022-07-10 00:00:00.0";"0.00"
"728";"65";"2022-07-10 01:00:00.0";"0.00"
"728";"65";"2022-07-10 02:00:00.0";"0.00"
"694";"65";"2022-07-10 00:00:00.0";"0.00"
"694";"65";"2022-07-10 01:00:00.0";"0.00"
"711";"65";"2022-07-10 00:00:00.0";"0.00"
"711";"65";"2022-07-10 01:00:00.0";"0.00"
"778";"65";"2022-07-10 00:00:00.0";"0.00"
"739";"65";"2022-07-10 00:00:00.0";"0.00"
"739";"65";"2022-07-10 01:00:00.0";"0.00"
"739";"65";"2022-07-10 02:00:00.0";"0.00"
"754";"65";"2022-07-10 00:00:00.0";"0.00"
"698";"65";"2022-07-10 00:00:00.0";"0.00"
"698";"65";"2022-07-10 01:00:00.0";"0.00"
"722";"65";"2022-07-10 00:00:00.0";"0.00"
"722";"65";"2022-07-10 01:00:00.0";"0.00"
"722";"65";"2022-07-10 02:00:00.0";"0.00"
"770";"65";"2022-07-10 00:00:00.0";"0.00"
"724";"65";"2022-07-10 00:00:00.0";"0.00"
"724";"65";"2022-07-10 01:00:00.0";"0.00"
"724";"65";"2022-07-10 02:00:00.0";"0.00"
"734";"65";"2022-07-10 00:00:00.0";"0.00"
"734";"65";"2022-07-10 01:00:00.0";"0.00"
"734";"65";"2022-07-10 02:00:00.0";"0.00"
"1424";"65";"2022-07-10 00:00:00.0";"0.00"
"685";"65";"2022-07-10 00:00:00.0";"0.00"
"710";"65";"2022-07-10 00:00:00.0";"0.00"
"710";"65";"2022-07-10 01:00:00.0";"0.00"
"713";"65";"2022-07-10 00:00:00.0";"0.00"
"713";"65";"2022-07-10 01:00:00.0";"0.00"
"766";"65";"2022-07-10 00:00:00.0";"0.00"
"774";"65";"2022-07-10 00:00:00.0";"0.00"
"1444";"65";"2022-07-10 00:00:00.0";"0.00"
"755";"65";"2022-07-10 00:00:00.0";"0.00"
"683";"65";"2022-07-10 00:00:00.0";"0.00"
"703";"65";"2022-07-10 00:00:00.0";"0.00"
"703";"65";"2022-07-10 01:00:00.0";"0.00"
"760";"65";"2022-07-10 00:00:00.0";"0.00"
"709";"65";"2022-07-10 00:00:00.0";"0.00"
"730";"65";"2022-07-10 00:00:00.0";"0.00"
"1386";"65";"2022-07-10 00:00:00.0";"0.00"
"723";"65";"2022-07-10 00:00:00.0";"0.00"
"723";"65";"2022-07-10 01:00:00.0";"0.00"
"723";"65";"2022-07-10 02:00:00.0";"0.00"
"721";"65";"2022-07-10 00:00:00.0";"0.00"
"721";"65";"2022-07-10 01:00:00.0";"0.00"
"721";"65";"2022-07-10 02:00:00.0";"0.00"
"758";"65";"2022-07-10 00:00:00.0";"0.00"
"775";"65";"2022-07-10 00:00:00.0";"0.00"
"715";"65";"2022-07-10 00:00:00.0";"0.00"
"715";"65";"2022-07-10 01:00:00.0";"0.00"
"715";"65";"2022-07-10 02:00:00.0";"0.00"
"716";"65";"2022-07-10 00:00:00.0";"0.00"
"716";"65";"2022-07-10 01:00:00.0";"0.00"
"716";"65";"2022-07-10 02:00:00.0";"0.00"
"727";"65";"2022-07-10 00:00:00.0";"0.00"
"727";"65";"2022-07-10 01:00:00.0";"0.00"
"727";"65";"2022-07-10 02:00:00.0";"0.00"
"689";"65";"2022-07-10 00:00:00.0";"0.00"
"689";"65";"2022-07-10 01:00:00.0";"0.00"
"708";"65";"2022-07-10 00:00:00.0";"0.00"
"708";"65";"2022-07-10 01:00:00.0";"0.00"
"749";"65";"2022-07-10 00:00:00.0";"0.00"
"749";"65";"2022-07-10 01:00:00.0";"0.00"
"749";"65";"2022-07-10 02:00:00.0";"0.00"
"749";"65";"2022-07-10 03:00:00.0";"0.00"
"1384";"65";"2022-07-10 00:00:00.0";"0.00"
"777";"65";"2022-07-10 00:00:00.0";"0.00"
"1385";"65";"2022-07-10 00:00:00.0";"0.00"
"751";"65";"2022-07-10 00:00:00.0";"0.00"
"751";"65";"2022-07-10 01:00:00.0";"0.00"
"751";"65";"2022-07-10 02:00:00.0";"0.00"
"751";"65";"2022-07-10 03:00:00.0";"0.00"
"756";"65";"2022-07-10 00:00:00.0";"0.00"
"757";"65";"2022-07-10 00:00:00.0";"0.00"
"686";"65";"2022-07-10 00:00:00.0";"0.00"
"686";"65";"2022-07-10 01:00:00.0";"0.00"
"687";"65";"2022-07-10 00:00:00.0";"0.00"
"696";"65";"2022-07-10 00:00:00.0";"0.00"
"696";"65";"2022-07-10 01:00:00.0";"0.00"
"701";"65";"2022-07-10 00:00:00.0";"0.00"
"701";"65";"2022-07-10 01:00:00.0";"0.00"
"731";"65";"2022-07-10 00:00:00.0";"0.00"
"747";"65";"2022-07-10 00:00:00.0";"0.00"
"733";"65";"2022-07-10 00:00:00.0";"0.00"
"733";"65";"2022-07-10 01:00:00.0";"0.00"
"733";"65";"2022-07-10 02:00:00.0";"0.00"
"733";"65";"2022-07-10 03:00:00.0";"0.00"
"736";"65";"2022-07-10 00:00:00.0";"0.00"
"736";"65";"2022-07-10 01:00:00.0";"0.00"
"736";"65";"2022-07-10 02:00:00.0";"0.00"
"1382";"65";"2022-07-10 00:00:00.0";"0.00"
"717";"65";"2022-07-10 00:00:00.0";"0.00"
"717";"65";"2022-07-10 01:00:00.0";"0.00"
"717";"65";"2022-07-10 02:00:00.0";"0.00"
"744";"65";"2022-07-10 00:00:00.0";"0.00"
"744";"65";"2022-07-10 01:00:00.0";"0.00"
"744";"65";"2022-07-10 02:00:00.0";"0.00"
"744";"65";"2022-07-10 03:00:00.0";"0.00"
"738";"65";"2022-07-10 00:00:00.0";"0.00"
"738";"65";"2022-07-10 01:00:00.0";"0.00"
"738";"65";"2022-07-10 02:00:00.0";"0.40"
"750";"65";"2022-07-10 00:00:00.0";"0.00"
"750";"65";"2022-07-10 01:00:00.0";"0.00"
"750";"65";"2022-07-10 02:00:00.0";"0.00"
"750";"65";"2022-07-10 03:00:00.0";"0.00"
"750";"65";"2022-07-10 04:00:00.0";"0.00"
"753";"65";"2022-07-10 00:00:00.0";"0.00"
"761";"65";"2022-07-10 00:00:00.0";"0.00"
"765";"65";"2022-07-10 00:00:00.0";"0.00"
"767";"65";"2022-07-10 00:00:00.0";"0.00"
"769";"65";"2022-07-10 00:00:00.0";"0.00"
"779";"65";"2022-07-10 00:00:00.0";"0.00"
"1383";"65";"2022-07-10 00:00:00.0";"0.00"
"772";"65";"2022-07-10 00:00:00.0";"0.00"
"773";"65";"2022-07-10 00:00:00.0";"0.00"
"746";"65";"2022-07-10 00:00:00.0";"0.00"
"746";"65";"2022-07-10 01:00:00.0";"0.00"
"746";"65";"2022-07-10 02:00:00.0";"0.00"
"746";"65";"2022-07-10 03:00:00.0";"0.00"
"697";"65";"2022-07-10 00:00:00.0";"0.00"
"697";"65";"2022-07-10 01:00:00.0";"0.00"
"695";"65";"2022-07-10 00:00:00.0";"0.00"
"695";"65";"2022-07-10 01:00:00.0";"0.00"
"707";"65";"2022-07-10 00:00:00.0";"0.00"
"707";"65";"2022-07-10 01:00:00.0";"0.00"
"718";"65";"2022-07-10 00:00:00.0";"0.00"
"718";"65";"2022-07-10 01:00:00.0";"0.00"
"718";"65";"2022-07-10 02:00:00.0";"0.00"
"684";"65";"2022-07-10 00:00:00.0";"0.00"
"752";"65";"2022-07-10 00:00:00.0";"0.00"
"752";"65";"2022-07-10 01:00:00.0";"0.00"
"752";"65";"2022-07-10 02:00:00.0";"0.00"
"752";"65";"2022-07-10 03:00:00.0";"0.00"
"1381";"65";"2022-07-10 00:00:00.0";"0.00"
"725";"65";"2022-07-10 00:00:00.0";"0.00"
"725";"65";"2022-07-10 01:00:00.0";"0.00"
"725";"65";"2022-07-10 02:00:00.0";"0.00"
"748";"65";"2022-07-10 00:00:00.0";"0.00"
"748";"65";"2022-07-10 01:00:00.0";"0.00"
"748";"65";"2022-07-10 02:00:00.0";"0.00"
"748";"65";"2022-07-10 03:00:00.0";"0.00"
"693";"65";"2022-07-10 00:00:00.0";"0.00"
"693";"65";"2022-07-10 01:00:00.0";"0.00"
"706";"65";"2022-07-10 00:00:00.0";"0.00"
"706";"65";"2022-07-10 01:00:00.0";"0.00"
"763";"65";"2022-07-10 00:00:00.0";"0.00"
"776";"65";"2022-07-10 00:00:00.0";"0.00"
"1404";"65";"2022-07-10 00:00:00.0";"0.00"
"712";"65";"2022-07-11 00:00:00.0";"0.00"
"712";"65";"2022-07-11 01:00:00.0";"0.00"
"745";"65";"2022-07-11 00:00:00.0";"0.00"
"745";"65";"2022-07-11 01:00:00.0";"0.00"
"745";"65";"2022-07-11 02:00:00.0";"0.00"
"745";"65";"2022-07-11 03:00:00.0";"0.00"
"743";"65";"2022-07-11 00:00:00.0";"0.00"
"743";"65";"2022-07-11 01:00:00.0";"0.00"
"743";"65";"2022-07-11 02:00:00.0";"0.00"
"729";"65";"2022-07-11 00:00:00.0";"0.00"
"729";"65";"2022-07-11 01:00:00.0";"0.00"
"729";"65";"2022-07-11 02:00:00.0";"0.00"
"728";"65";"2022-07-11 00:00:00.0";"0.00"
"728";"65";"2022-07-11 01:00:00.0";"0.00"
"728";"65";"2022-07-11 02:00:00.0";"0.00"
"694";"65";"2022-07-11 00:00:00.0";"0.00"
"694";"65";"2022-07-11 01:00:00.0";"0.00"
"711";"65";"2022-07-11 00:00:00.0";"0.00"
"711";"65";"2022-07-11 01:00:00.0";"0.00"
"739";"65";"2022-07-11 00:00:00.0";"0.00"
"739";"65";"2022-07-11 01:00:00.0";"0.00"
"739";"65";"2022-07-11 02:00:00.0";"0.00"
"698";"65";"2022-07-11 00:00:00.0";"0.00"
"698";"65";"2022-07-11 01:00:00.0";"0.00"
"722";"65";"2022-07-11 00:00:00.0";"0.00"
"722";"65";"2022-07-11 01:00:00.0";"0.00"
"722";"65";"2022-07-11 02:00:00.0";"0.00"
"724";"65";"2022-07-11 00:00:00.0";"0.00"
"724";"65";"2022-07-11 01:00:00.0";"0.00"
"724";"65";"2022-07-11 02:00:00.0";"0.00"
"734";"65";"2022-07-11 00:00:00.0";"0.00"
"734";"65";"2022-07-11 01:00:00.0";"0.00"
"734";"65";"2022-07-11 02:00:00.0";"0.00"
"685";"65";"2022-07-11 00:00:00.0";"0.00"
"710";"65";"2022-07-11 00:00:00.0";"0.00"
"710";"65";"2022-07-11 01:00:00.0";"0.00"
"713";"65";"2022-07-11 00:00:00.0";"0.00"
"713";"65";"2022-07-11 01:00:00.0";"0.00"
"713";"65";"2022-07-11 02:00:00.0";"0.00"
"683";"65";"2022-07-11 00:00:00.0";"0.00"
"703";"65";"2022-07-11 00:00:00.0";"0.00"
"703";"65";"2022-07-11 01:00:00.0";"0.00"
"709";"65";"2022-07-11 00:00:00.0";"0.00"
"730";"65";"2022-07-11 00:00:00.0";"0.00"
"723";"65";"2022-07-11 00:00:00.0";"0.00"
"723";"65";"2022-07-11 01:00:00.0";"0.40"
"723";"65";"2022-07-11 02:00:00.0";"0.00"
"721";"65";"2022-07-11 00:00:00.0";"0.00"
"721";"65";"2022-07-11 01:00:00.0";"0.00"
"721";"65";"2022-07-11 02:00:00.0";"0.00"
"715";"65";"2022-07-11 00:00:00.0";"0.00"
"715";"65";"2022-07-11 01:00:00.0";"0.00"
"716";"65";"2022-07-11 00:00:00.0";"0.00"
"716";"65";"2022-07-11 01:00:00.0";"0.00"
"716";"65";"2022-07-11 02:00:00.0";"0.00"
"727";"65";"2022-07-11 00:00:00.0";"0.00"
"727";"65";"2022-07-11 01:00:00.0";"0.00"
"727";"65";"2022-07-11 02:00:00.0";"0.00"
"689";"65";"2022-07-11 00:00:00.0";"0.00"
"689";"65";"2022-07-11 01:00:00.0";"0.00"
"708";"65";"2022-07-11 00:00:00.0";"0.00"
"708";"65";"2022-07-11 01:00:00.0";"0.00"
"749";"65";"2022-07-11 00:00:00.0";"0.00"
"749";"65";"2022-07-11 01:00:00.0";"0.00"
"749";"65";"2022-07-11 02:00:00.0";"0.00"
"749";"65";"2022-07-11 03:00:00.0";"0.00"
"751";"65";"2022-07-11 00:00:00.0";"0.00"
"751";"65";"2022-07-11 01:00:00.0";"0.00"
"751";"65";"2022-07-11 02:00:00.0";"0.00"
"751";"65";"2022-07-11 03:00:00.0";"0.00"
"686";"65";"2022-07-11 00:00:00.0";"0.00"
"687";"65";"2022-07-11 00:00:00.0";"0.00"
"696";"65";"2022-07-11 00:00:00.0";"0.00"
"696";"65";"2022-07-11 01:00:00.0";"0.00"
"701";"65";"2022-07-11 00:00:00.0";"0.00"
"701";"65";"2022-07-11 01:00:00.0";"0.00"
"731";"65";"2022-07-11 00:00:00.0";"0.00"
"747";"65";"2022-07-11 00:00:00.0";"0.00"
"733";"65";"2022-07-11 00:00:00.0";"0.00"
"733";"65";"2022-07-11 01:00:00.0";"0.00"
"733";"65";"2022-07-11 02:00:00.0";"0.00"
"733";"65";"2022-07-11 03:00:00.0";"0.00"
"736";"65";"2022-07-11 00:00:00.0";"0.00"
"736";"65";"2022-07-11 01:00:00.0";"0.00"
"736";"65";"2022-07-11 02:00:00.0";"0.00"
"717";"65";"2022-07-11 00:00:00.0";"0.00"
"717";"65";"2022-07-11 01:00:00.0";"0.00"
"717";"65";"2022-07-11 02:00:00.0";"0.00"
"744";"65";"2022-07-11 00:00:00.0";"0.00"
"744";"65";"2022-07-11 01:00:00.0";"0.00"
"744";"65";"2022-07-11 02:00:00.0";"0.00"
"738";"65";"2022-07-11 00:00:00.0";"0.00"
"738";"65";"2022-07-11 01:00:00.0";"0.00"
"738";"65";"2022-07-11 02:00:00.0";"0.00"
"750";"65";"2022-07-11 00:00:00.0";"0.00"
"750";"65";"2022-07-11 01:00:00.0";"0.00"
"750";"65";"2022-07-11 02:00:00.0";"0.00"
"750";"65";"2022-07-11 03:00:00.0";"0.00"
"746";"65";"2022-07-11 00:00:00.0";"0.00"
"746";"65";"2022-07-11 01:00:00.0";"0.00"
"746";"65";"2022-07-11 02:00:00.0";"0.00"
"746";"65";"2022-07-11 03:00:00.0";"0.00"
"697";"65";"2022-07-11 00:00:00.0";"0.00"
"697";"65";"2022-07-11 01:00:00.0";"0.00"
"695";"65";"2022-07-11 00:00:00.0";"0.00"
"695";"65";"2022-07-11 01:00:00.0";"0.00"
"707";"65";"2022-07-11 00:00:00.0";"0.00"
"707";"65";"2022-07-11 01:00:00.0";"0.00"
"718";"65";"2022-07-11 00:00:00.0";"0.00"
"718";"65";"2022-07-11 01:00:00.0";"0.00"
"684";"65";"2022-07-11 00:00:00.0";"0.00"
"752";"65";"2022-07-11 00:00:00.0";"0.00"
"752";"65";"2022-07-11 01:00:00.0";"0.00"
"752";"65";"2022-07-11 02:00:00.0";"0.00"
"752";"65";"2022-07-11 03:00:00.0";"0.00"
"725";"65";"2022-07-11 00:00:00.0";"0.00"
"725";"65";"2022-07-11 01:00:00.0";"0.00"
"725";"65";"2022-07-11 02:00:00.0";"0.00"
"748";"65";"2022-07-11 00:00:00.0";"0.00"
"748";"65";"2022-07-11 01:00:00.0";"0.00"
"748";"65";"2022-07-11 02:00:00.0";"0.00"
"748";"65";"2022-07-11 03:00:00.0";"0.00"
"693";"65";"2022-07-11 00:00:00.0";"0.00"
"693";"65";"2022-07-11 01:00:00.0";"0.00"
"706";"65";"2022-07-11 00:00:00.0";"0.00"
"706";"65";"2022-07-11 01:00:00.0";"0.00"
"712";"65";"2022-07-12 00:00:00.0";"0.00"
"712";"65";"2022-07-12 01:00:00.0";"0.00"
"745";"65";"2022-07-12 00:00:00.0";"0.00"
"745";"65";"2022-07-12 01:00:00.0";"0.00"
"745";"65";"2022-07-12 02:00:00.0";"0.00"
"745";"65";"2022-07-12 03:00:00.0";"0.00"
"743";"65";"2022-07-12 00:00:00.0";"0.00"
"743";"65";"2022-07-12 01:00:00.0";"0.00"
"743";"65";"2022-07-12 02:00:00.0";"0.00"
"729";"65";"2022-07-12 00:00:00.0";"0.00"
"729";"65";"2022-07-12 01:00:00.0";"0.00"
"729";"65";"2022-07-12 02:00:00.0";"0.00"
"728";"65";"2022-07-12 00:00:00.0";"0.00"
"728";"65";"2022-07-12 01:00:00.0";"0.00"
"728";"65";"2022-07-12 02:00:00.0";"0.00"
"694";"65";"2022-07-12 00:00:00.0";"0.00"
"711";"65";"2022-07-12 00:00:00.0";"0.00"
"711";"65";"2022-07-12 01:00:00.0";"0.00"
"739";"65";"2022-07-12 00:00:00.0";"0.00"
"739";"65";"2022-07-12 01:00:00.0";"0.00"
"739";"65";"2022-07-12 02:00:00.0";"0.00"
"698";"65";"2022-07-12 00:00:00.0";"0.00"
"698";"65";"2022-07-12 01:00:00.0";"0.00"
"722";"65";"2022-07-12 00:00:00.0";"0.00"
"722";"65";"2022-07-12 01:00:00.0";"0.00"
"722";"65";"2022-07-12 02:00:00.0";"0.00"
"724";"65";"2022-07-12 00:00:00.0";"0.00"
"724";"65";"2022-07-12 01:00:00.0";"0.00"
"724";"65";"2022-07-12 02:00:00.0";"0.00"
"734";"65";"2022-07-12 00:00:00.0";"0.00"
"734";"65";"2022-07-12 01:00:00.0";"0.00"
"734";"65";"2022-07-12 02:00:00.0";"0.00"
"685";"65";"2022-07-12 00:00:00.0";"0.00"
"710";"65";"2022-07-12 00:00:00.0";"0.00"
"710";"65";"2022-07-12 01:00:00.0";"0.00"
"713";"65";"2022-07-12 00:00:00.0";"0.00"
"713";"65";"2022-07-12 01:00:00.0";"0.00"
"683";"65";"2022-07-12 00:00:00.0";"0.00"
"703";"65";"2022-07-12 00:00:00.0";"0.00"
"703";"65";"2022-07-12 01:00:00.0";"0.00"
"709";"65";"2022-07-12 00:00:00.0";"0.00"
"730";"65";"2022-07-12 00:00:00.0";"0.00"
"723";"65";"2022-07-12 00:00:00.0";"0.00"
"723";"65";"2022-07-12 01:00:00.0";"0.00"
"723";"65";"2022-07-12 02:00:00.0";"0.00"
"721";"65";"2022-07-12 00:00:00.0";"0.00"
"721";"65";"2022-07-12 01:00:00.0";"0.00"
"721";"65";"2022-07-12 02:00:00.0";"0.00"
"715";"65";"2022-07-12 00:00:00.0";"0.00"
"715";"65";"2022-07-12 01:00:00.0";"0.00"
"716";"65";"2022-07-12 00:00:00.0";"0.00"
"716";"65";"2022-07-12 01:00:00.0";"0.00"
"716";"65";"2022-07-12 02:00:00.0";"0.00"
"727";"65";"2022-07-12 00:00:00.0";"0.00"
"727";"65";"2022-07-12 01:00:00.0";"0.00"
"727";"65";"2022-07-12 02:00:00.0";"0.00"
"689";"65";"2022-07-12 00:00:00.0";"0.00"
"708";"65";"2022-07-12 00:00:00.0";"0.00"
"708";"65";"2022-07-12 01:00:00.0";"0.00"
"749";"65";"2022-07-12 00:00:00.0";"0.00"
"749";"65";"2022-07-12 01:00:00.0";"0.00"
"749";"65";"2022-07-12 02:00:00.0";"0.00"
"749";"65";"2022-07-12 03:00:00.0";"0.00"
"686";"65";"2022-07-12 00:00:00.0";"0.00"
"687";"65";"2022-07-12 00:00:00.0";"0.00"
"696";"65";"2022-07-12 00:00:00.0";"0.00"
"696";"65";"2022-07-12 01:00:00.0";"0.00"
"701";"65";"2022-07-12 00:00:00.0";"0.00"
"701";"65";"2022-07-12 01:00:00.0";"0.00"
"731";"65";"2022-07-12 00:00:00.0";"0.00"
"747";"65";"2022-07-12 00:00:00.0";"0.00"
"733";"65";"2022-07-12 00:00:00.0";"0.00"
"733";"65";"2022-07-12 01:00:00.0";"0.00"
"733";"65";"2022-07-12 02:00:00.0";"0.00"
"733";"65";"2022-07-12 03:00:00.0";"0.00"
"736";"65";"2022-07-12 00:00:00.0";"0.00"
"736";"65";"2022-07-12 01:00:00.0";"0.00"
"736";"65";"2022-07-12 02:00:00.0";"0.00"
"742";"65";"2022-07-12 00:00:00.0";"0.00"
"742";"65";"2022-07-12 01:00:00.0";"0.00"
"742";"65";"2022-07-12 02:00:00.0";"0.00"
"742";"65";"2022-07-12 03:00:00.0";"0.00"
"717";"65";"2022-07-12 00:00:00.0";"0.00"
"717";"65";"2022-07-12 01:00:00.0";"0.00"
"744";"65";"2022-07-12 00:00:00.0";"0.00"
"744";"65";"2022-07-12 01:00:00.0";"0.00"
"744";"65";"2022-07-12 02:00:00.0";"0.00"
"744";"65";"2022-07-12 03:00:00.0";"0.00"
"738";"65";"2022-07-12 00:00:00.0";"0.00"
"738";"65";"2022-07-12 01:00:00.0";"0.00"
"738";"65";"2022-07-12 02:00:00.0";"0.00"
"746";"65";"2022-07-12 00:00:00.0";"0.00"
"746";"65";"2022-07-12 01:00:00.0";"0.00"
"746";"65";"2022-07-12 02:00:00.0";"0.00"
"746";"65";"2022-07-12 03:00:00.0";"0.00"
"697";"65";"2022-07-12 00:00:00.0";"0.00"
"697";"65";"2022-07-12 01:00:00.0";"0.00"
"695";"65";"2022-07-12 00:00:00.0";"0.00"
"695";"65";"2022-07-12 01:00:00.0";"0.00"
"707";"65";"2022-07-12 00:00:00.0";"0.00"
"707";"65";"2022-07-12 01:00:00.0";"0.00"
"718";"65";"2022-07-12 00:00:00.0";"0.00"
"718";"65";"2022-07-12 01:00:00.0";"0.00"
"684";"65";"2022-07-12 00:00:00.0";"0.00"
"725";"65";"2022-07-12 00:00:00.0";"0.00"
"725";"65";"2022-07-12 01:00:00.0";"0.00"
"725";"65";"2022-07-12 02:00:00.0";"0.00"
"748";"65";"2022-07-12 00:00:00.0";"0.00"
"748";"65";"2022-07-12 01:00:00.0";"0.00"
"748";"65";"2022-07-12 02:00:00.0";"0.00"
"748";"65";"2022-07-12 03:00:00.0";"0.00"
"693";"65";"2022-07-12 00:00:00.0";"0.00"
"706";"65";"2022-07-12 00:00:00.0";"0.00"
"706";"65";"2022-07-12 01:00:00.0";"0.00"
